,LSOA_Code,Score_2001,Score_2011,Rank_2001,Rank_2011,Rank_chg,Z_score,score_chg,status
4,E01000006,-1.5297088015237037,0.0060227079402750405,3841.0,2827.0,1014.0,2.250639352835225,1.5357315094639787,ASC
8,E01000010,-1.607967496778501,-0.2132078084054284,4026.0,3219.0,807.0,1.7911893074339515,1.3947596883730724,ASC
26,E01000029,-1.5462106722324165,-0.31658495569676703,3887.0,3426.0,461.0,1.0232196663284407,1.2296257165356494,ASC
29,E01000032,-1.6451111067315516,-0.3312962966613636,4127.0,3455.0,672.0,1.491547973476599,1.313814810070188,ASC
40,E01000043,-1.787100232758,-0.5835957222405037,4439.0,3976.0,463.0,1.027658797201883,1.2035045105174962,ASC
65,E01000069,-1.1801673148140959,0.26402199156139683,2936.0,2425.0,511.0,1.134197938164497,1.4441893063754931,ASC
88,E01000092,-1.7965887406980088,-0.5914281931220619,4454.0,3993.0,461.0,1.0232196663284407,1.205160547575947,ASC
113,E01000117,-0.9569934320157416,0.6267110659866708,2397.0,1919.0,478.0,1.0609522787527,1.5837044980024124,ASC
126,E01000130,-1.7023699566519594,-0.4676316065165076,4261.0,3750.0,511.0,1.134197938164497,1.234738350135452,ASC
132,E01000136,1.2060593334236944,14.456525160683839,257.0,1.0,256.0,0.5682087518006091,13.250465827260143,ASC
133,E01000137,-1.1498481932280282,0.2782799387305607,2862.0,2400.0,462.0,1.025439231765162,1.4281281319585892,ASC
135,E01000139,0.02721823353195124,3.841467337000468,987.0,224.0,763.0,1.693528428218222,3.814249103468517,ASC
139,E01000143,-1.2485634179759901,5.591104747029852,3090.0,86.0,3004.0,6.667574571910273,6.8396681650058415,ASC
142,E01000146,0.951966414638744,3.7373284767501618,379.0,244.0,135.0,0.2996413339573525,2.7853620621114183,ASC
154,E01000159,-0.8483951421829886,1.2591434569871691,2185.0,1300.0,885.0,1.9643154114982,2.1075385991701583,ASC
159,E01000164,-1.3047989003632643,0.156618593033175,3250.0,2576.0,674.0,1.4959871043500412,1.4614174933964392,ASC
164,E01000169,-0.8343601426361884,0.8436120405483729,2160.0,1692.0,468.0,1.0387566243854889,1.677972183184561,ASC
171,E01000176,-1.3295757691412575,0.5709502987205786,3316.0,1978.0,1338.0,2.9697785543328714,1.9005260678618359,ASC
176,E01000181,0.15331265861971222,3.7196196742565055,868.0,251.0,617.0,1.369471874456937,3.5663070156367933,ASC
186,E01000191,-0.22188394708925074,2.0969545234755897,1250.0,740.0,510.0,1.131978372727776,2.3188384705648404,ASC
194,E01000199,0.21286716391987093,3.733137916978925,823.0,247.0,576.0,1.2784696915513707,3.5202707530590542,ASC
196,E01000201,0.5932260836295409,5.170031407443184,574.0,107.0,467.0,1.0365370589487677,4.576805323813644,ASC
202,E01000207,2.674752590397886,6.413873632395015,27.0,59.0,-32.0,-0.07102609397507614,3.739121041997129,ASC
207,E01000212,1.274574780996084,5.688677324415053,232.0,83.0,149.0,0.3307152500714483,4.414102543418969,ASC
208,E01000213,5.090985197513313,11.874851742758667,4.0,5.0,-1.0,-0.0022195654367211295,6.7838665452453535,ASC
212,E01000217,0.1635251451319701,3.2999096169013584,861.0,337.0,524.0,1.1630522888418722,3.1363844717693885,ASC
223,E01000228,-0.5413562464970161,3.8307537244536,1666.0,225.0,1441.0,3.198393794315148,4.372109970950616,ASC
244,E01000249,-0.2889194793956432,2.264171270524413,1320.0,659.0,661.0,1.4671327536726666,2.5530907499200564,ASC
262,E01000267,-0.5993143478132106,1.284924242602138,1767.0,1280.0,487.0,1.08092836768319,1.8842385904153485,ASC
264,E01000269,-0.7017802231184362,1.1727524802724998,1929.0,1366.0,563.0,1.2496153408739958,1.874532703390936,ASC
274,E01000279,1.8890274435547207,6.9808597696942005,100.0,37.0,63.0,0.13983262251343118,5.091832326139479,ASC
275,E01000280,1.1150082989828352,5.630962468983524,299.0,85.0,214.0,0.4749870034583217,4.515954170000688,ASC
281,E01000286,-1.295109350683314,0.05613352560186682,3213.0,2745.0,468.0,1.0387566243854889,1.3512428762851811,ASC
284,E01000289,-1.7729939365101686,-0.5603276983255192,4412.0,3926.0,486.0,1.078708802246469,1.2126662381846494,ASC
300,E01000305,-1.271941899260005,0.1146851238813919,3152.0,2644.0,508.0,1.1275392418543335,1.3866270231413969,ASC
303,E01000308,-1.5281367934338776,0.023921123498011787,3835.0,2797.0,1038.0,2.3039089233165324,1.5520579169318895,ASC
304,E01000309,-0.33900564112612835,2.0328204116306474,1386.0,767.0,619.0,1.3739110053303791,2.371826052756776,ASC
315,E01000320,-0.5034526093819005,1.4979010989534298,1607.0,1121.0,486.0,1.078708802246469,2.0013537083353303,ASC
321,E01000326,-1.647661458721815,-0.3411154613889273,4134.0,3479.0,655.0,1.45381536105234,1.3065459973328877,ASC
323,E01000328,-1.4535477492941198,-0.1264605395105511,3637.0,3091.0,546.0,1.2118827284497369,1.3270872097835686,ASC
361,E01000366,-1.2668295365190616,0.10081442881128737,3137.0,2674.0,463.0,1.027658797201883,1.3676439653303492,ASC
373,E01000378,-1.7627555405932829,-0.3613502156427717,4393.0,3535.0,858.0,1.904387144706729,1.4014053249505112,ASC
403,E01000409,-1.477831893088083,-0.2141305216565285,3699.0,3221.0,478.0,1.0609522787527,1.2637013714315544,ASC
411,E01000417,-1.5561748785716705,-0.24674544747575464,3905.0,3271.0,634.0,1.407204486881196,1.3094294310959158,ASC
414,E01000420,-1.5091004088410325,-0.2785888065581908,3792.0,3340.0,452.0,1.003243577397951,1.2305116022828415,ASC
430,E01000436,-1.2969062034425027,0.10971447318917266,3217.0,2651.0,566.0,1.2562740371841594,1.4066206766316751,ASC
453,E01000459,-1.179734907289686,0.2893025389650137,2934.0,2379.0,555.0,1.231858817380227,1.4690374462546998,ASC
463,E01000469,-1.7227124103402174,-0.5077658911317613,4314.0,3822.0,492.0,1.0920261948667958,1.214946519208456,ASC
479,E01000485,-1.4141930049962637,-0.04178074911479959,3538.0,2922.0,616.0,1.3672523090202158,1.3724122558814642,ASC
482,E01000488,-0.7335900656044451,1.4222293276889375,1979.0,1173.0,806.0,1.7889697419972304,2.1558193932933825,ASC
483,E01000489,-0.27490156692390505,2.11794273537412,1309.0,728.0,581.0,1.2895675187349762,2.392844302298025,ASC
485,E01000491,-0.20260921844496285,2.2231990376013213,1220.0,680.0,540.0,1.19856533582941,2.425808256046284,ASC
486,E01000492,-0.4395041558643608,2.2281841901551247,1520.0,675.0,845.0,1.8755327940293545,2.6676883460194856,ASC
487,E01000493,-0.1887527791633386,2.6250983571626394,1203.0,523.0,680.0,1.5093044969703682,2.813851136325978,ASC
504,E01000512,-0.5655023684982798,1.300792933397201,1711.0,1257.0,454.0,1.0076827082713928,1.8662953018954809,ASC
521,E01000530,-0.6678814459219506,1.2320492877915703,1881.0,1323.0,558.0,1.2385175136903903,1.8999307337135212,ASC
544,E01000555,-0.11702538869474385,2.519531900781803,1128.0,558.0,570.0,1.2651522989310438,2.636557289476547,ASC
547,E01000558,-0.2737998160699158,1.9419322952064133,1308.0,822.0,486.0,1.078708802246469,2.215732111276329,ASC
554,E01000565,-1.030220829347091,0.9967397791227742,2556.0,1536.0,1020.0,2.2639567454555523,2.026960608469865,ASC
570,E01000581,0.1006559314177833,3.6806067455287423,916.0,260.0,656.0,1.456034926489061,3.5799508141109593,ASC
571,E01000582,0.6314021032436214,4.1713416239695915,553.0,183.0,370.0,0.8212392115868179,3.5399395207259716,ASC
573,E01000584,-0.6494586268297593,1.865474634727449,1846.0,868.0,978.0,2.170734997113265,2.5149332615572084,ASC
575,E01000586,-0.9081792824120232,0.7322805336672105,2297.0,1809.0,488.0,1.0831479331199112,1.6404598160792336,ASC
617,E01000631,-1.360912048051675,0.2368188334524306,3394.0,2456.0,938.0,2.08195237964442,1.5977308815041056,ASC
652,E01000667,0.137566655819586,4.153924130506294,883.0,185.0,698.0,1.5492566748313483,4.016357474686708,ASC
685,E01000700,-1.0024471181824854,0.6073581427866039,2491.0,1936.0,555.0,1.231858817380227,1.6098052609690894,ASC
692,E01000707,-0.3827923211459092,1.8336952329526663,1439.0,892.0,547.0,1.214102293886458,2.2164875540985762,ASC
701,E01000716,-0.4705613503170724,1.8277069968084827,1562.0,899.0,663.0,1.4715718845461092,2.298268347125555,ASC
703,E01000718,-1.2181392045487405,0.2402229198706591,3025.0,2454.0,571.0,1.267371864367765,1.4583621244193996,ASC
719,E01000734,-1.3318309235334684,0.10166453598451017,3321.0,2672.0,649.0,1.4404979684320132,1.4334954595179783,ASC
733,E01000748,-0.5908227114486551,1.2876835973694112,1754.0,1277.0,477.0,1.0587327133159787,1.8785063088180665,ASC
741,E01000756,-0.21810004568070465,2.4239852652523872,1244.0,593.0,651.0,1.444937099305455,2.642085310933092,ASC
747,E01000762,-0.9388978797908112,0.7113176186297521,2356.0,1839.0,517.0,1.147515330784824,1.6502154984205633,ASC
750,E01000765,-0.7099470925827129,1.045914052911585,1948.0,1486.0,462.0,1.025439231765162,1.7558611454942978,ASC
755,E01000770,-0.3698821925227031,2.0188613446751718,1417.0,777.0,640.0,1.4205218795015229,2.388743537197876,ASC
759,E01000774,-0.91394474918922,0.8174647925194154,2310.0,1712.0,598.0,1.3273001311592354,1.7314095417086357,ASC
781,E01000797,-0.4499833549357062,2.2239281960273214,1535.0,679.0,856.0,1.8999480138332867,2.673911550963028,ASC
787,E01000803,-0.9163392278671572,0.8087969361548835,2314.0,1725.0,589.0,1.307324042228745,1.7251361640220406,ASC
789,E01000805,-1.2112511959295955,0.2974033428178168,3007.0,2369.0,638.0,1.4160827486280807,1.5086545387474124,ASC
792,E01000808,-0.3750343289256243,1.71109548037852,1428.0,976.0,452.0,1.003243577397951,2.0861298093041443,ASC
795,E01000811,-0.92314459962273,1.0336991005576863,2324.0,1498.0,826.0,1.833361050731653,1.9568437001804164,ASC
812,E01000830,1.0843004567391032,3.8011298177414083,321.0,230.0,91.0,0.2019804547416228,2.7168293610023047,ASC
816,E01000834,-0.7151257771985055,1.0621634073826196,1954.0,1474.0,480.0,1.065391409626142,1.7772891845811252,ASC
823,E01000841,-0.7856155437346292,0.9445222268632444,2072.0,1579.0,493.0,1.0942457603035172,1.7301377705978735,ASC
828,E01000846,1.124732866820369,4.221689767581103,294.0,175.0,119.0,0.26412828696981444,3.096956900760734,ASC
830,E01000848,1.514549275122672,4.408293350807822,161.0,151.0,10.0,0.02219565436721129,2.8937440756851505,ASC
835,E01000853,-0.8330809998672889,1.136098301174862,2154.0,1408.0,746.0,1.6557958157939627,1.9691793010421508,ASC
836,E01000854,-0.4787805157530712,1.8793229598391283,1573.0,860.0,713.0,1.5825501563821651,2.3581034755921992,ASC
839,E01000857,0.712418815288372,4.636898086927902,507.0,130.0,377.0,0.8367761696438658,3.9244792716395303,ASC
840,E01000858,-1.254084740167875,1.0552735415625356,3102.0,1477.0,1625.0,3.6067938346718353,2.3093582817304106,ASC
841,E01000859,1.7571238908644706,4.831532808727529,108.0,120.0,-12.0,-0.026634785240653557,3.074408917863058,ASC
842,E01000860,0.7746994609796246,4.487315429349281,462.0,144.0,318.0,0.7058218088773192,3.712615968369657,ASC
844,E01000862,1.3400834201130332,4.245085158207436,210.0,173.0,37.0,0.08212392115868179,2.9050017380944033,ASC
862,E01000880,2.390844919081649,5.231832361763954,46.0,103.0,-57.0,-0.12651522989310438,2.8409874426823047,ASC
864,E01000882,1.455766705409155,4.801293437256933,176.0,122.0,54.0,0.119856533582941,3.3455267318477784,ASC
866,E01000884,2.457001163293236,7.943819312526273,42.0,26.0,16.0,0.03551304698753807,5.486818149233037,ASC
875,E01000893,2.1807031951668394,4.96192604783665,67.0,114.0,-47.0,-0.10431957552589308,2.7812228526698113,ASC
876,E01000894,2.9455813449445447,6.226691070769332,18.0,65.0,-47.0,-0.10431957552589308,3.2811097258247868,ASC
878,E01000896,2.136816469489157,5.424076873750969,73.0,95.0,-22.0,-0.04883043960786485,3.287260404261812,ASC
879,E01000897,2.3303132837636387,5.451198427832449,51.0,93.0,-42.0,-0.09322174834228744,3.1208851440688106,ASC
881,E01000899,2.895168454502868,6.062818766987832,19.0,72.0,-53.0,-0.11763696814621985,3.167650312484964,ASC
891,E01000909,1.081512390660481,5.30465232258905,323.0,99.0,224.0,0.49718265782553295,4.223139931928569,ASC
892,E01000910,0.6104151596867556,4.349790292230002,565.0,156.0,409.0,0.907802263618942,3.739375132543246,ASC
894,E01000912,-0.5428023937338843,2.1801808099786406,1668.0,703.0,965.0,2.1418806464358897,2.722983203712525,ASC
895,E01000913,1.5977051746977733,6.619370346160041,139.0,53.0,86.0,0.19088262755801716,5.021665171462269,ASC
900,E01000918,0.08019828462696205,2.8217511042123995,939.0,465.0,474.0,1.0520740170058154,2.7415528195854373,ASC
907,E01000925,-0.6896266678486833,1.31165177406834,1911.0,1247.0,664.0,1.47379144998283,2.001278441917023,ASC
908,E01000926,-0.6119225492086511,1.4361828264276275,1783.0,1163.0,620.0,1.3761305707671003,2.0481053756362786,ASC
909,E01000927,0.2371126170855737,3.373271975447278,808.0,317.0,491.0,1.0898066294300746,3.1361593583617045,ASC
911,E01000929,-0.9679351752669116,1.0749823310011417,2408.0,1463.0,945.0,2.097489337701468,2.0429175062680534,ASC
928,E01000946,1.0601153657759703,5.721517921529356,335.0,79.0,256.0,0.5682087518006091,4.661402555753386,ASC
931,E01000949,-1.1225077617802124,0.4063520400183468,2779.0,2197.0,582.0,1.2917870841716974,1.5288598017985593,ASC
933,E01000951,-1.4983120245821313,-0.2574453380883571,3754.0,3297.0,457.0,1.0143414045815562,1.2408666864937743,ASC
934,E01000952,-1.3445322869243364,0.14946619433034894,3351.0,2590.0,761.0,1.6890892973447795,1.4939984812546854,ASC
935,E01000953,-1.6420196467250818,-0.052386617763186066,4117.0,2945.0,1172.0,2.6013306918371644,1.5896330289618958,ASC
937,E01000955,-1.4791681419605036,-0.1257945423644289,3702.0,3089.0,613.0,1.3605936127100524,1.3533735995960747,ASC
938,E01000956,-1.1862439170506698,0.2915486460062557,2951.0,2376.0,575.0,1.2762501261146495,1.4777925630569255,ASC
941,E01000959,-1.4528232811324846,-0.13592819564458014,3633.0,3098.0,535.0,1.1874675086458044,1.3168950854879045,ASC
947,E01000965,0.7606056449062089,3.518747450689041,476.0,294.0,182.0,0.4039609094832456,2.7581418057828317,ASC
953,E01000971,1.0946157240675924,4.524150931507601,315.0,142.0,173.0,0.3839848205527554,3.4295352074400087,ASC
995,E01001014,-1.5360999270118396,-0.26426363415932685,3854.0,3312.0,542.0,1.2030044667028523,1.2718362928525129,ASC
1008,E01001027,-0.6260027584847808,1.6255577130793055,1807.0,1028.0,779.0,1.72904147520576,2.2515604715640865,ASC
1044,E01001063,-0.9561116815322224,0.8990109882681062,2395.0,1634.0,761.0,1.6890892973447795,1.8551226698003287,ASC
1080,E01001099,-1.0130144067294091,0.5266930296585965,2511.0,2032.0,479.0,1.0631718441894211,1.5397074363880057,ASC
1083,E01001102,-0.5009230536808617,1.5459149915851094,1604.0,1078.0,526.0,1.167491419715314,2.0468380452659707,ASC
1120,E01001139,-1.3838349393832037,0.008446707056676411,3454.0,2824.0,630.0,1.3983262251343116,1.3922816464398802,ASC
1123,E01001142,-1.3965800446441026,0.6712310589192859,3495.0,1874.0,1621.0,3.5979155729249515,2.0678111035633884,ASC
1138,E01001157,-1.1242922184686908,0.4036172107827304,2785.0,2204.0,581.0,1.2895675187349762,1.5279094292514213,ASC
1140,E01001159,-0.9173218802639272,0.6992450103477136,2320.0,1845.0,475.0,1.0542935824425366,1.6165668906116408,ASC
1191,E01001210,-1.2077613921429322,0.29699607259086713,3001.0,2371.0,630.0,1.3983262251343116,1.5047574647337991,ASC
1290,E01001310,-1.384136737107692,-0.0793593076715659,3455.0,3002.0,453.0,1.0054631428346716,1.3047774294361258,ASC
1296,E01001316,-1.8454937627821584,-0.5061977599803532,4543.0,3819.0,724.0,1.6069653761860978,1.339296002801805,ASC
1309,E01001329,-1.710932394135594,-0.4946513267941294,4285.0,3793.0,492.0,1.0920261948667958,1.2162810673414648,ASC
1316,E01001336,-1.3768850202669796,0.6423268122387048,3433.0,1899.0,1534.0,3.404813379930213,2.0192118325056843,ASC
1379,E01001400,-0.7008010052447392,1.1298103710227518,1928.0,1414.0,514.0,1.140856634474661,1.8306113762674912,ASC
1383,E01001404,-1.126145183005806,0.38773376733612863,2795.0,2235.0,560.0,1.2429566445638325,1.5138789503419343,ASC
1391,E01001412,-1.3392548864174427,-0.021456280899036284,3338.0,2876.0,462.0,1.025439231765162,1.3177986055184063,ASC
1393,E01001414,-1.9139085665119897,-0.2978062106228024,4643.0,3390.0,1253.0,2.7811154922115757,1.6161023558891874,ASC
1396,E01001417,0.7427715669301667,4.258284780246872,489.0,170.0,319.0,0.7080413743140404,3.515513213316705,ASC
1401,E01001422,2.0123516755307147,6.512363680813674,85.0,56.0,29.0,0.06436739766491276,4.500012005282959,ASC
1429,E01001451,-0.6011829985633966,1.4840970354022862,1768.0,1132.0,636.0,1.4116436177546383,2.0852800339656827,ASC
1545,E01001569,-0.3185107894777585,1.8577138083664708,1356.0,871.0,485.0,1.0764892368097478,2.176224597844229,ASC
1564,E01001588,-1.4003002464699088,0.10200749998126996,3513.0,2671.0,842.0,1.868874097719191,1.5023077464511787,ASC
1566,E01001590,-0.8331470381535584,0.9502555570137768,2155.0,1572.0,583.0,1.2940066496084186,1.7834025951673351,ASC
1568,E01001592,-0.7189732396586712,1.1432617117974022,1962.0,1402.0,560.0,1.2429566445638325,1.8622349514560732,ASC
1570,E01001594,-1.6579520789530902,-0.35126406317340003,4167.0,3507.0,660.0,1.4649131882359456,1.30668801577969,ASC
1571,E01001595,-1.5341459011267309,-0.01859583030674792,3850.0,2870.0,980.0,2.1751741279867067,1.5155500708199832,ASC
1576,E01001600,-1.3544351952579985,0.13435814230887422,3378.0,2612.0,766.0,1.7001871245283853,1.4887933375668727,ASC
1594,E01001620,-1.920609936191756,-0.6618736902053364,4653.0,4123.0,530.0,1.176369681462199,1.2587362459864193,ASC
1595,E01001621,-1.666633812922881,-0.35707081834223664,4191.0,3522.0,669.0,1.4848892771664357,1.3095629945806444,ASC
1597,E01001624,-1.5684965733237468,-0.3423841774680198,3942.0,3482.0,460.0,1.0210001008917196,1.226112395855727,ASC
1598,E01001625,-2.0557914901444243,-0.740291101338807,4786.0,4264.0,522.0,1.1586131579684296,1.3155003888056171,ASC
1599,E01001629,-2.101090510700105,-0.7826525375795796,4811.0,4332.0,479.0,1.0631718441894211,1.3184379731205254,ASC
1606,E01001637,-1.7184023279125211,-0.515351954065265,4307.0,3839.0,468.0,1.0387566243854889,1.2030503738472558,ASC
1607,E01001638,-1.5062004216743112,-0.14643854289156868,3782.0,3116.0,666.0,1.4782305808562723,1.3597618787827426,ASC
1617,E01001650,-1.6308437426072309,-0.3943025595528397,4091.0,3601.0,490.0,1.0875870639933536,1.2365411830543909,ASC
1628,E01001661,-1.8131819625159509,-0.6013084976880838,4489.0,4014.0,475.0,1.0542935824425366,1.211873464827867,ASC
1632,E01001666,-1.1906532743803142,0.312356118900714,2959.0,2341.0,618.0,1.3716914398936582,1.5030093932810282,ASC
1633,E01001667,-1.6350416896928517,-0.17681097063591394,4099.0,3163.0,936.0,2.0775132487709773,1.4582307190569377,ASC
1647,E01001682,-1.170735377832952,0.40047774631880817,2913.0,2211.0,702.0,1.5581349365782329,1.5712131241517602,ASC
1670,E01001708,-1.1854191291983858,0.4583220499914813,2950.0,2131.0,819.0,1.8178240926746048,1.643741179189867,ASC
1674,E01001712,-1.9956915534517616,-0.2533549840457379,4730.0,3291.0,1439.0,3.1939546634417053,1.7423365694060238,ASC
1692,E01001731,-1.4713929784810018,0.010840348062862826,3678.0,2818.0,860.0,1.9088262755801717,1.4822333265438647,ASC
1701,E01001740,-1.6746600052223086,-0.3538883384456721,4201.0,3513.0,688.0,1.5270610204641368,1.3207716667766365,ASC
1704,E01001744,-0.9740633657418334,0.7866967502507893,2421.0,1746.0,675.0,1.4982066697867624,1.7607601159926227,ASC
1708,E01001748,-0.8239329853619917,0.97331726088693,2139.0,1559.0,580.0,1.2873479532982552,1.7972502462489215,ASC
1710,E01001750,-0.9110105793398742,1.2226655981821222,2302.0,1331.0,971.0,2.155198039056217,2.133676177521997,ASC
1712,E01001752,-0.8739076609046506,1.9290699295762792,2234.0,830.0,1404.0,3.1162698731564658,2.8029775904809298,ASC
1713,E01001753,-1.4229716119016431,2.108334236949952,3559.0,733.0,2826.0,6.272491924173912,3.531305848851595,ASC
1714,E01001754,-1.406853615058456,0.4419704429702392,3524.0,2149.0,1375.0,3.0519024754915534,1.8488240580286952,ASC
1715,E01001755,-1.368507895735608,-0.03695600474256824,3412.0,2910.0,502.0,1.1142218492340072,1.3315518909930395,ASC
1721,E01001761,-1.2970987277546056,0.1811853883890847,3218.0,2542.0,676.0,1.5004262352234836,1.4782841161436902,ASC
1726,E01001767,-0.8638421033510941,1.573215214207949,2220.0,1057.0,1163.0,2.5813546029066736,2.4370573175590438,ASC
1731,E01001773,-1.8486467353196192,0.4505681076334568,4551.0,2139.0,2412.0,5.3535918333713655,2.299214842953076,ASC
1732,E01001774,-1.0576386247546623,0.4802455781898154,2618.0,2100.0,518.0,1.1497348962215448,1.5378842029444777,ASC
1733,E01001775,-1.7500366468714643,-0.24838774537164265,4361.0,3279.0,1082.0,2.4015698025322623,1.5016489014998218,ASC
1734,E01001776,-1.635187985578335,0.4598954484813687,4100.0,2128.0,1972.0,4.376983041214069,2.0950834340597035,ASC
1735,E01001777,-1.18848442780552,0.3969028979711026,2954.0,2218.0,736.0,1.6336001614267517,1.585387325776623,ASC
1739,E01001782,-0.4093616310011021,1.8527818172107973,1472.0,873.0,599.0,1.3295196965959566,2.2621434482119,ASC
1740,E01001783,-1.7702157358949708,-0.5589819376999203,4407.0,3920.0,487.0,1.08092836768319,1.2112337981950505,ASC
1742,E01001785,-1.0412342074669818,0.5473339785464255,2581.0,2002.0,579.0,1.2851283878615343,1.588568186013407,ASC
1746,E01001789,-0.9515522065740624,0.7258140336437976,2383.0,1822.0,561.0,1.2451762100005537,1.67736624021786,ASC
1748,E01001791,-1.2760932059119034,0.5779231473727945,3167.0,1969.0,1198.0,2.659039393191913,1.854016353284698,ASC
1749,E01001792,-0.9405108462729476,1.0527898091604266,2360.0,1479.0,881.0,1.9554371497513152,1.9933006554333743,ASC
1763,E01001807,-0.9436942895980232,1.7533075044472224,2367.0,944.0,1423.0,3.1584416164541675,2.6970017940452458,ASC
1765,E01001809,-1.3799870708049686,0.2870949209203194,3442.0,2386.0,1056.0,2.3438611011775135,1.667081991725288,ASC
1770,E01001815,-1.3155142690513886,0.7403061436834122,3278.0,1803.0,1475.0,3.2738590191636656,2.0558204127348008,ASC
1772,E01001819,-0.29390755522706585,2.365944111811116,1330.0,614.0,716.0,1.5892088526923287,2.6598516670381818,ASC
1773,E01001820,-1.4961147041871024,0.14751861312152886,3748.0,2591.0,1157.0,2.5680372102863465,1.6436333173086313,ASC
1774,E01001821,-1.8122013221397864,-0.5060387536577589,4487.0,3818.0,669.0,1.4848892771664357,1.3061625684820275,ASC
1776,E01001823,-1.3438925734686813,0.8160302147171102,3350.0,1714.0,1636.0,3.631209054475768,2.159922788185792,ASC
1777,E01001824,-1.5236238337600718,0.3089795913769018,3823.0,2346.0,1477.0,3.2782981500371084,1.8326034251369736,ASC
1778,E01001825,-1.3906197407455634,-0.03657043116466563,3471.0,2909.0,562.0,1.2473957754372749,1.3540493095808976,ASC
1780,E01001827,-1.7499372935541104,-0.5123630820323778,4360.0,3832.0,528.0,1.1719305505887565,1.2375742115217323,ASC
1783,E01001830,-1.1172504921933724,0.4880796461124677,2761.0,2088.0,673.0,1.4937675389133205,1.6053301383058403,ASC
1784,E01001831,-0.6811804060744858,1.2535682514052835,1900.0,1307.0,593.0,1.31620230397563,1.9347486574797688,ASC
1786,E01001833,-0.8262005474225821,0.9827695334964888,2147.0,1553.0,594.0,1.3184218694123508,1.8089700809190712,ASC
1787,E01001834,-0.6279437263605394,1.2229974083941373,1809.0,1330.0,479.0,1.0631718441894211,1.8509411347546767,ASC
1792,E01001839,-1.0621603396598152,0.9386925250835934,2633.0,1585.0,1048.0,2.3261045776837443,2.0008528647434085,ASC
1796,E01001843,-0.7259390470984282,2.6671254347039057,1968.0,508.0,1460.0,3.240565537612849,3.3930644818023343,ASC
1798,E01001845,-1.7366620243909754,-0.3508355531911337,4337.0,3504.0,833.0,1.848898008788701,1.3858264711998416,ASC
1799,E01001846,-1.8190295286755758,-0.5397624405328576,4500.0,3896.0,604.0,1.3406175237795623,1.2792670881427184,ASC
1801,E01001848,-1.14080349101905,0.4993803007874494,2836.0,2075.0,761.0,1.6890892973447795,1.6401837918064994,ASC
1804,E01001851,0.8828267698784892,6.307362542571435,404.0,62.0,342.0,0.7590913793586264,5.424535772692947,ASC
1810,E01001857,-1.120031209015304,0.3374536153857014,2768.0,2302.0,466.0,1.0343174935120465,1.4574848244010052,ASC
1821,E01001868,-1.1299772666227943,0.521049592172521,2811.0,2042.0,769.0,1.7068458208385486,1.6510268587953152,ASC
1822,E01001869,2.0467958309241028,6.25779987244209,81.0,63.0,18.0,0.039952177860980334,4.211004041517986,ASC
1839,E01001886,-0.4366057844558762,2.0274603368839936,1512.0,768.0,744.0,1.6513566849205203,2.46406612133987,ASC
1850,E01001897,1.2572028290041355,5.832777398690107,238.0,76.0,162.0,0.359569600748823,4.575574569685972,ASC
1854,E01001901,1.5324929349977094,4.633129528604728,149.0,131.0,18.0,0.039952177860980334,3.1006365936070184,ASC
1858,E01001905,0.8484112566268037,4.183679663792901,424.0,181.0,243.0,0.5393544011232345,3.3352684071660974,ASC
1869,E01001916,1.2787771543438775,4.440566285501175,230.0,146.0,84.0,0.18644349668457488,3.1617891311572976,ASC
1872,E01001919,1.4499853177698978,5.452632501108209,181.0,92.0,89.0,0.19754132386818046,4.002647183338311,ASC
1875,E01001922,2.206311327681963,6.4771517153243146,60.0,57.0,3.0,0.006658696310163389,4.270840387642352,ASC
1878,E01001925,2.606725948199649,8.026905698294287,32.0,23.0,9.0,0.019976088930490167,5.420179750094638,ASC
1879,E01001926,1.697555648538616,5.580131424009012,119.0,88.0,31.0,0.06880652853835502,3.882575775470396,ASC
1880,E01001927,1.8972493092410057,5.812287812062834,99.0,78.0,21.0,0.04661087417114372,3.9150385028218286,ASC
1901,E01001949,1.0746000418154449,3.826948345169479,325.0,227.0,98.0,0.2175174127986707,2.752348303354033,ASC
1902,E01001950,1.3171778143561172,5.298504683058759,218.0,100.0,118.0,0.2619087215330933,3.9813268687026424,ASC
1908,E01001956,-0.5558681863613792,1.9520928565318088,1692.0,813.0,879.0,1.9509980188778728,2.507961042893188,ASC
1919,E01001967,1.1126692618340133,4.716054964027878,302.0,125.0,177.0,0.39286308229964,3.603385702193864,ASC
1924,E01001972,-0.9237801317336558,0.6691725463113982,2326.0,1875.0,451.0,1.0010240119612297,1.592952678045054,ASC
1944,E01001992,1.2498809217611926,5.3785161744498815,241.0,96.0,145.0,0.3218369883245638,4.12863525268869,ASC
1945,E01001993,1.6921021321982526,6.074099905517808,120.0,71.0,49.0,0.10875870639933537,4.381997773319555,ASC
1960,E01002008,1.5923934503058796,7.8252550502492015,140.0,27.0,113.0,0.2508108943494877,6.2328615999433215,ASC
1970,E01002019,1.6309873641365806,4.38853192868642,131.0,153.0,-22.0,-0.04883043960786485,2.757544564549839,ASC
1976,E01002025,1.2098379396122316,6.081999739305866,255.0,70.0,185.0,0.41061960579340895,4.872161799693634,ASC
1981,E01002030,-1.122088550198883,0.3299881568310317,2775.0,2315.0,460.0,1.0210001008917196,1.4520767070299148,ASC
1995,E01002045,-1.647640214652495,-0.29636645226716096,4133.0,3387.0,746.0,1.6557958157939627,1.351273762385334,ASC
2002,E01002052,-1.2476968809108966,0.4527555923657121,3087.0,2136.0,951.0,2.1108067303217943,1.7004524732766086,ASC
2009,E01002059,-0.008071773147990291,3.112001840713638,1036.0,377.0,659.0,1.4626936227992244,3.1200736138616283,ASC
2038,E01002088,-1.220865314959627,0.2532850282325545,3032.0,2441.0,591.0,1.3117631731021877,1.4741503431921814,ASC
2059,E01002109,-0.15481566517012174,2.450235234360374,1165.0,582.0,583.0,1.2940066496084186,2.605050899530496,ASC
2094,E01002144,-0.4192386014153349,1.6856669715684098,1487.0,995.0,492.0,1.0920261948667958,2.104905572983745,ASC
2095,E01002145,-1.0454580461998877,0.5886306824618821,2593.0,1964.0,629.0,1.3961066596975904,1.6340887286617698,ASC
2097,E01002147,0.3265743007793622,3.4662569291987038,754.0,308.0,446.0,0.9899261847776238,3.1396826284193415,ASC
2098,E01002148,-0.5754066742128321,1.3181333615870658,1734.0,1241.0,493.0,1.0942457603035172,1.8935400357998982,ASC
2138,E01002188,0.8272489712379676,3.604003032235824,432.0,277.0,155.0,0.3440326426917751,2.7767540609978556,ASC
2143,E01002193,-0.44319901713793697,2.066829113613382,1525.0,752.0,773.0,1.7157240825854332,2.5100281307513197,ASC
2144,E01002194,0.008454523657313872,2.758739221840928,1013.0,484.0,529.0,1.1741501160254777,2.750284698183614,ASC
2195,E01002246,-1.6926150394948971,-0.42874919120849386,4240.0,3668.0,572.0,1.269591429804486,1.2638658482864034,ASC
2203,E01002254,-0.6589482654239102,1.412661948080154,1862.0,1179.0,683.0,1.5159631932805315,2.0716102135040644,ASC
2217,E01002268,-1.2610949737106556,0.2609484118668467,3121.0,2428.0,693.0,1.5381588476477428,1.5220433855775024,ASC
2219,E01002270,0.6101011383793407,3.6203731591852737,566.0,274.0,292.0,0.6481131075225698,3.010272020805933,ASC
2221,E01002272,-1.1641166929890352,0.3603242429126536,2897.0,2268.0,629.0,1.3961066596975904,1.5244409359016888,ASC
2253,E01002304,-1.4840040705764006,-0.19976477931348802,3721.0,3199.0,522.0,1.1586131579684296,1.2842392912629126,ASC
2269,E01002320,-1.3045402737747145,0.2989294108505832,3248.0,2365.0,883.0,1.9598762806247572,1.6034696846252978,ASC
2307,E01002359,-1.4476114268047418,0.056169256790363616,3623.0,2744.0,879.0,1.9509980188778728,1.5037806835951053,ASC
2310,E01002362,-1.2666685447188684,0.42875698602818896,3136.0,2169.0,967.0,2.146319777309332,1.6954255307470574,ASC
2312,E01002364,-1.199479994123222,0.21247385982621053,2979.0,2489.0,490.0,1.0875870639933536,1.4119538539494323,ASC
2314,E01002366,-1.5824726835581076,-0.3421433060931107,3970.0,3481.0,489.0,1.0853674985566324,1.2403293774649968,ASC
2315,E01002367,-1.2688774671302945,0.2045745926841774,3139.0,2501.0,638.0,1.4160827486280807,1.4734520598144718,ASC
2324,E01002376,-0.3816253835064084,1.8165822643755918,1438.0,904.0,534.0,1.1852479432090832,2.1982076478820005,ASC
2326,E01002378,-1.3935352589157373,-0.07133041145084018,3485.0,2980.0,505.0,1.1208805455441704,1.322204847464897,ASC
2328,E01002380,-1.5306013917800454,-0.03796969172797243,3843.0,2915.0,928.0,2.059756725277208,1.4926317000520732,ASC
2329,E01002381,-1.309279752969687,0.7727092288483091,3263.0,1764.0,1499.0,3.3271285896449734,2.081988981817996,ASC
2330,E01002382,-1.234546497141972,0.2481694669626551,3063.0,2445.0,618.0,1.3716914398936582,1.482715964104627,ASC
2332,E01002384,-0.9470580966541888,1.0554108085728655,2374.0,1476.0,898.0,1.9931697621755744,2.0024689052270546,ASC
2333,E01002385,-0.8084093704820015,1.0718704372531145,2108.0,1467.0,641.0,1.4227414449382443,1.880279807735116,ASC
2335,E01002387,-0.5484271764078363,1.576372541584505,1678.0,1055.0,623.0,1.3827892670772637,2.124799717992341,ASC
2338,E01002390,-0.29995138773759555,1.8514268571725758,1337.0,877.0,460.0,1.0210001008917196,2.1513782449101715,ASC
2367,E01002419,-0.7559211694748497,1.1716846814922266,2013.0,1368.0,645.0,1.4316197066851286,1.927605850967076,ASC
2373,E01002425,-1.7087590033194753,-0.449727892474865,4278.0,3715.0,563.0,1.2496153408739958,1.2590311108446102,ASC
2380,E01002432,-0.4885498894151238,1.4950137054858201,1587.0,1123.0,464.0,1.029878362638604,1.983563594900944,ASC
2394,E01002446,-1.6138043886378668,-0.1711617910839634,4038.0,3153.0,885.0,1.9643154114982,1.4426425975539034,ASC
2395,E01002447,-1.56247226403311,-0.2072082599678408,3923.0,3213.0,710.0,1.5758914600720018,1.3552640040652693,ASC
2421,E01002473,1.205010589020059,6.826761113434579,258.0,38.0,220.0,0.4883043960786485,5.621750524414519,ASC
2443,E01002495,-1.0606041379149744,0.6016891546379406,2629.0,1944.0,685.0,1.5204023241539737,1.662293292552915,ASC
2486,E01002543,-1.8633664496939293,-0.6445270607017363,4568.0,4091.0,477.0,1.0587327133159787,1.2188393889921931,ASC
2488,E01002545,-1.5506346983143384,-0.12497552581111805,3896.0,3085.0,811.0,1.800067569180836,1.4256591725032204,ASC
2490,E01002547,-1.5798671584863937,-0.3455150074059715,3963.0,3487.0,476.0,1.0565131478792578,1.2343521510804225,ASC
2499,E01002556,-1.7470089523696688,-0.5217326087952169,4353.0,3854.0,499.0,1.1075631529238437,1.225276343574452,ASC
2500,E01002557,-1.7160514856828206,-0.4115300739974668,4300.0,3641.0,659.0,1.4626936227992244,1.3045214116853538,ASC
2502,E01002559,-1.7578933426303798,-0.502147687958618,4381.0,3809.0,572.0,1.269591429804486,1.2557456546717618,ASC
2511,E01002568,-1.613657929048622,-0.028496878078125693,4037.0,2894.0,1143.0,2.536963294172251,1.5851610509704963,ASC
2513,E01002570,0.5055177624183006,3.891894159971896,622.0,216.0,406.0,0.9011435673087786,3.386376397553596,ASC
2517,E01002574,1.1845074738878612,4.764708986899999,266.0,123.0,143.0,0.31739785745112153,3.5802015130121374,ASC
2518,E01002575,1.5259320888727912,5.10044683558505,153.0,109.0,44.0,0.0976608792157297,3.574514746712259,ASC
2521,E01002578,0.8844011503659097,3.711444807290365,403.0,254.0,149.0,0.3307152500714483,2.827043656924455,ASC
2544,E01002602,-1.5515816933802768,-0.3178353642221351,3898.0,3428.0,470.0,1.0431957552589308,1.2337463291581416,ASC
2629,E01002690,2.0782364714613983,7.079041001969043,77.0,35.0,42.0,0.09322174834228744,5.0008045305076445,ASC
2633,E01002694,-1.1357371385660464,0.485897537900562,2825.0,2091.0,734.0,1.629161030553309,1.6216346764666083,ASC
2637,E01002698,0.01869694598474664,2.627995272965124,995.0,522.0,473.0,1.0498544515690942,2.609298326980377,ASC
2638,E01002699,0.953687765165854,4.871712057741034,378.0,118.0,260.0,0.5770870135474937,3.91802429257518,ASC
2639,E01002700,2.8566503784848183,6.2083948694067095,20.0,67.0,-47.0,-0.10431957552589308,3.351744490921891,ASC
2640,E01002701,-0.7337842127322601,1.056608483233476,1980.0,1475.0,505.0,1.1208805455441704,1.790392695965736,ASC
2641,E01002702,-1.0282921673185619,1.2964675102716734,2552.0,1263.0,1289.0,2.861019847933536,2.324759677590236,ASC
2646,E01002708,-1.1971986860860355,0.3509756362664719,2974.0,2284.0,690.0,1.5315001513375794,1.5481743223525075,ASC
2647,E01002709,-1.060374700775268,0.4624198846904602,2627.0,2123.0,504.0,1.1186609801074494,1.522794585465728,ASC
2653,E01002715,-1.6798039964870553,-0.3546576206417802,4206.0,3514.0,692.0,1.5359392822110216,1.3251463758452748,ASC
2658,E01002720,-1.3766895820040004,0.21417689823385333,3432.0,2486.0,946.0,2.0997089031381884,1.5908664802378536,ASC
2660,E01002722,-0.8290267115335097,1.6364429541679757,2149.0,1025.0,1124.0,2.4947915508745497,2.4654696657014856,ASC
2663,E01002725,-0.6405267393471451,1.7535417203750532,1829.0,943.0,886.0,1.9665349769349207,2.3940684597221984,ASC
2664,E01002726,-0.44713178591975605,1.6683157973578482,1532.0,1005.0,527.0,1.1697109851520353,2.115447583277604,ASC
2678,E01002740,1.0898885753234917,4.3317109372964655,318.0,159.0,159.0,0.3529109044386596,3.2418223619729734,ASC
2690,E01002754,0.7614637578725224,3.692310927079869,475.0,258.0,217.0,0.4816456997684851,2.9308471692073463,ASC
2691,E01002755,-1.1749889372380546,0.27754871664576114,2923.0,2401.0,522.0,1.1586131579684296,1.4525376538838155,ASC
2693,E01002757,-0.2182656012567564,3.5734090078231446,1245.0,281.0,964.0,2.139661080999169,3.7916746090799016,ASC
2717,E01002782,-1.240924291858984,0.19978452292446847,3074.0,2508.0,566.0,1.2562740371841594,1.4407088147834526,ASC
2725,E01002790,-0.2936471530739595,2.2863199199696957,1329.0,647.0,682.0,1.5137436278438103,2.5799670730436555,ASC
2731,E01002796,-0.10933523309094426,2.432151350097648,1121.0,590.0,531.0,1.17858924689892,2.541486583188592,ASC
2737,E01002802,0.8749197821278689,4.547982773532216,407.0,139.0,268.0,0.5948435370412627,3.6730629914043473,ASC
2739,E01002804,-0.8883856966579662,0.7892953966268831,2262.0,1745.0,517.0,1.147515330784824,1.6776810932848494,ASC
2747,E01002812,1.5229236165165756,4.416943382816874,155.0,149.0,6.0,0.013317392620326777,2.8940197663002984,ASC
2748,E01002813,2.8086913699793468,8.136458023970746,22.0,21.0,1.0,0.0022195654367211295,5.327766653991401,ASC
2751,E01002816,2.5080101364633816,6.23619752170154,36.0,64.0,-28.0,-0.062147832228191625,3.728187385238158,ASC
2752,E01002817,5.800001585333727,9.78453184657716,3.0,13.0,-10.0,-0.02219565436721129,3.984530261243433,ASC
2753,E01002818,2.397336640550421,6.696513423913737,45.0,46.0,-1.0,-0.0022195654367211295,4.2991767833633165,ASC
2754,E01002819,3.0643463506993767,6.690142486366477,15.0,47.0,-32.0,-0.07102609397507614,3.6257961356671,ASC
2755,E01002820,1.5120901200057768,4.818520940516791,162.0,121.0,41.0,0.09100218290556633,3.3064308205110144,ASC
2756,E01002821,1.6333450344123,5.719487812416916,129.0,80.0,49.0,0.10875870639933537,4.086142778004617,ASC
2757,E01002822,4.8790098176753744,10.360465463069842,5.0,10.0,-5.0,-0.011097827183605649,5.481455645394467,ASC
2758,E01002823,0.10392722317083246,6.186276326109469,911.0,68.0,843.0,1.8710936631559123,6.082349102938637,ASC
2759,E01002824,1.9856192294376767,4.992926849143875,90.0,111.0,-21.0,-0.04661087417114372,3.007307619706198,ASC
2760,E01002825,2.408049985298207,6.6257237122028805,44.0,52.0,-8.0,-0.017756523493769036,4.217673726904674,ASC
2762,E01002827,3.299554964824765,6.740673661970388,12.0,43.0,-31.0,-0.06880652853835502,3.4411186971456225,ASC
2763,E01002828,2.3100878931960627,7.944525561490308,52.0,25.0,27.0,0.0599282667914705,5.634437668294245,ASC
2764,E01002829,-0.0635984822645276,2.8616087784948223,1089.0,452.0,637.0,1.4138631831913595,2.92520726075935,ASC
2765,E01002830,-0.3915274425412101,2.399071779632556,1448.0,606.0,842.0,1.868874097719191,2.790599222173766,ASC
2766,E01002831,-0.262921083621628,1.9930174273415118,1286.0,790.0,496.0,1.1009044566136803,2.2559385109631402,ASC
2767,E01002832,-0.09356409502395516,3.1703673804603603,1106.0,360.0,746.0,1.6557958157939627,3.263931475484315,ASC
2768,E01002833,1.1839613565618097,4.11227502636056,267.0,193.0,74.0,0.16424784231736358,2.9283136697987513,ASC
2769,E01002834,1.7809822763557308,7.542071305317347,106.0,29.0,77.0,0.17090653862752694,5.7610890289616155,ASC
2770,E01002835,2.0362336274371224,5.987609295996753,82.0,73.0,9.0,0.019976088930490167,3.9513756685596313,ASC
2771,E01002836,2.202787615446584,5.29000292724405,61.0,101.0,-40.0,-0.08878261746884518,3.087215311797466,ASC
2772,E01002837,2.1997981071123216,7.682173219121424,62.0,28.0,34.0,0.0754652248485184,5.482375112009102,ASC
2773,E01002838,1.5999819204832204,4.531959404442891,138.0,141.0,-3.0,-0.006658696310163389,2.9319774839596713,ASC
2779,E01002844,2.1662023811292577,6.370318918096452,70.0,60.0,10.0,0.02219565436721129,4.204116536967193,ASC
2790,E01002855,-0.99950466728221,2.5855774977930706,2487.0,535.0,1952.0,4.332591732479645,3.5850821650752804,ASC
2794,E01002859,2.2468502047186325,5.535504986165163,55.0,89.0,-34.0,-0.0754652248485184,3.2886547814465312,ASC
2795,E01002860,2.6252348848818423,11.237068377926967,31.0,6.0,25.0,0.05548913591802824,8.611833493045125,ASC
2796,E01002861,3.062563265956628,8.433496120806469,16.0,20.0,-4.0,-0.008878261746884518,5.3709328548498405,ASC
2798,E01002863,2.3453364491780064,8.646233778242804,49.0,17.0,32.0,0.07102609397507614,6.3008973290647985,ASC
2799,E01002864,2.138569719358838,6.714515873151593,72.0,44.0,28.0,0.062147832228191625,4.575946153792755,ASC
2800,E01002865,2.3439884453083253,10.064844741059627,50.0,12.0,38.0,0.08434348659540293,7.720856295751302,ASC
2803,E01002868,2.4984397875436346,9.752528379558957,38.0,14.0,24.0,0.053269570481307114,7.2540885920153215,ASC
2806,E01002871,2.286805915292799,8.136340960781645,54.0,22.0,32.0,0.07102609397507614,5.849535045488846,ASC
2807,E01002872,1.6789660569681053,4.593157709028748,124.0,132.0,-8.0,-0.017756523493769036,2.914191652060643,ASC
2808,E01002873,1.0661412634306766,5.43697786418975,334.0,94.0,240.0,0.532695704813071,4.370836600759073,ASC
2809,E01002874,0.5213547099209292,4.567602994952352,609.0,134.0,475.0,1.0542935824425366,4.046248285031424,ASC
2810,E01002875,1.7252761424266891,7.192524339168847,115.0,32.0,83.0,0.18422393124785372,5.467248196742158,ASC
2812,E01002877,-0.7167460219127051,1.3837557176063608,1957.0,1199.0,758.0,1.6824306010346162,2.100501739519066,ASC
2818,E01002883,1.1446645345749609,4.187560439622788,285.0,180.0,105.0,0.23305437085571865,3.0428959050478266,ASC
2819,E01002884,0.8847450390824592,4.275491612612061,400.0,167.0,233.0,0.5171587467560231,3.390746573529602,ASC
2821,E01002886,1.9979908390317465,4.756771536959452,88.0,124.0,-36.0,-0.07990435572196067,2.758780697927705,ASC
2824,E01002889,2.3780506221422693,7.158907030739129,47.0,33.0,14.0,0.031073916114095813,4.78085640859686,ASC
2825,E01002890,4.789336749733518,11.087379432156126,6.0,7.0,-1.0,-0.0022195654367211295,6.298042682422607,ASC
2826,E01002891,2.591178242393992,6.774388714347175,34.0,42.0,-8.0,-0.017756523493769036,4.183210471953183,ASC
2827,E01002892,2.1228071877275485,5.180537668546472,75.0,106.0,-31.0,-0.06880652853835502,3.057730480818923,ASC
2830,E01002895,3.3159059006558134,7.2363720929262385,10.0,31.0,-21.0,-0.04661087417114372,3.920466192270425,ASC
2835,E01002900,2.720901701115399,8.443933640418683,25.0,19.0,6.0,0.013317392620326777,5.723031939303284,ASC
2837,E01002902,1.4923753450706432,5.356197803939213,167.0,97.0,70.0,0.15536958057047906,3.8638224588685697,ASC
2838,E01002903,6.186326275196168,13.239187908198648,2.0,3.0,-1.0,-0.0022195654367211295,7.052861633002481,ASC
2840,E01002905,-1.2356272481200132,0.34806451074483297,3065.0,2288.0,777.0,1.7246023443323175,1.5836917588648465,ASC
2841,E01002906,-0.8932485274184951,1.2031270265104017,2271.0,1344.0,927.0,2.057537159840487,2.0963755539288966,ASC
2845,E01002910,1.8611071505120176,4.91610381429896,101.0,117.0,-16.0,-0.03551304698753807,3.0549966637869437,ASC
2846,E01002911,2.5042785683319586,6.79331155311733,37.0,40.0,-3.0,-0.006658696310163389,4.289032984785371,ASC
2848,E01002913,0.9346238795205492,4.112735675975457,391.0,192.0,199.0,0.4416935219075048,3.178111796454908,ASC
2850,E01002915,-0.9044858881133442,0.8101689290960213,2289.0,1720.0,569.0,1.2629327334943228,1.7146548172093654,ASC
2869,E01002934,0.6951952708282058,3.5106696423889314,519.0,297.0,222.0,0.4927435269520908,2.8154743715607258,ASC
2881,E01002947,-1.302197883310459,0.05786116481714815,3236.0,2739.0,497.0,1.1031240220504015,1.3600590481276071,ASC
2886,E01002952,3.205910472392328,6.655706227361442,14.0,48.0,-34.0,-0.0754652248485184,3.4497957549691134,ASC
2887,E01002953,1.3243244705534314,5.691920833424902,217.0,82.0,135.0,0.2996413339573525,4.367596362871471,ASC
2889,E01002955,-0.5732997744282824,1.9225066619015216,1729.0,832.0,897.0,1.9909501967388528,2.4958064363298043,ASC
2890,E01002956,0.08489274998270528,2.882825736804913,933.0,443.0,490.0,1.0875870639933536,2.7979329868222083,ASC
2910,E01002976,-1.076093231110557,0.5948549375129158,2659.0,1957.0,702.0,1.5581349365782329,1.670948168623473,ASC
2913,E01002979,-0.9951194220303208,1.1671424374217665,2471.0,1378.0,1093.0,2.4259850223361945,2.1622618594520877,ASC
2944,E01003010,0.6419505594455309,3.6112998147173,544.0,276.0,268.0,0.5948435370412627,2.9693492552717693,ASC
2947,E01003014,-0.57896791456379,1.4349355780686208,1741.0,1165.0,576.0,1.2784696915513707,2.013903492632411,ASC
2950,E01003017,-0.17948549165927735,3.528817871569162,1191.0,292.0,899.0,1.995389327612296,3.7083033632284392,ASC
2960,E01003027,2.4573131201807623,5.49932856340917,41.0,90.0,-49.0,-0.10875870639933537,3.042015443228408,ASC
2961,E01003028,0.99990777249469,4.642426584152301,360.0,129.0,231.0,0.512719615882581,3.6425188116576113,ASC
2992,E01003059,-1.789374183937664,-0.4293051440807424,4441.0,3670.0,771.0,1.7112849517119908,1.3600690398569215,ASC
3001,E01003068,-1.2596381323705843,0.334901118259003,3116.0,2305.0,811.0,1.800067569180836,1.5945392506295872,ASC
3003,E01003070,-1.5086548671708682,-0.16607551868661233,3789.0,3144.0,645.0,1.4316197066851286,1.342579348484256,ASC
3026,E01003093,-1.5141487685958304,-0.2254659872956045,3804.0,3245.0,559.0,1.2407370791271115,1.288682781300226,ASC
3041,E01003109,-1.1015607964438523,1.0977921772448818,2720.0,1439.0,1281.0,2.843263324439767,2.1993529736887343,ASC
3062,E01003130,-0.8667851018537951,0.7807275705129071,2223.0,1753.0,470.0,1.0431957552589308,1.6475126723667022,ASC
3064,E01003132,-1.5430010065577098,-0.18528114037407933,3878.0,3178.0,700.0,1.5536958057047907,1.3577198661836305,ASC
3092,E01003160,-1.6371769793221738,-0.2755560540331916,4105.0,3333.0,772.0,1.713504517148712,1.3616209252889822,ASC
3107,E01003175,-1.3169812419209952,0.13912054917429714,3284.0,2604.0,680.0,1.5093044969703682,1.4561017910952925,ASC
3139,E01003207,-1.6280750600658338,-0.31110112908936904,4082.0,3413.0,669.0,1.4848892771664357,1.3169739309764648,ASC
3140,E01003209,-1.259161408566213,0.1934165492932292,3115.0,2520.0,595.0,1.320641434849072,1.4525779578594422,ASC
3145,E01003214,-1.060469541651143,0.7832392394044364,2628.0,1748.0,880.0,1.953217584314594,1.8437087810555792,ASC
3157,E01003226,-1.010876050886225,0.5306720024032276,2508.0,2022.0,486.0,1.078708802246469,1.5415480532894523,ASC
3159,E01003228,-0.7132736936646171,1.3717020741924029,1950.0,1207.0,743.0,1.6491371194837994,2.08497576785702,ASC
3161,E01003230,-1.132895209618224,0.337447137658132,2819.0,2303.0,516.0,1.1452957653481028,1.4703423472763562,ASC
3164,E01003233,-0.9397069594944116,0.6713843048524524,2357.0,1873.0,484.0,1.0742696713730266,1.611091264346864,ASC
3165,E01003235,-1.4770236396134224,0.10950904260237154,3696.0,2652.0,1044.0,2.317226315936859,1.5865326822157941,ASC
3175,E01003246,-1.7471900499631046,-0.4601754294468615,4354.0,3730.0,624.0,1.3850088325139849,1.287014620516243,ASC
3178,E01003249,-1.5280429831431843,0.3030997921196117,3834.0,2357.0,1477.0,3.2782981500371084,1.831142775262796,ASC
3179,E01003250,-1.1673205665453403,0.3843877993557552,2906.0,2241.0,665.0,1.4760110154195512,1.5517083659010955,ASC
3188,E01003259,-0.9840861528760058,0.6650957917302253,2445.0,1877.0,568.0,1.2607131680576016,1.6491819446062308,ASC
3189,E01003260,-0.529585590900173,1.9188050008209256,1646.0,836.0,810.0,1.797848003744115,2.448390591721098,ASC
3190,E01003261,-0.6058114825313199,1.269415199249834,1776.0,1293.0,483.0,1.0720501059363057,1.8752266817811536,ASC
3199,E01003270,-1.1751852502065208,0.2988894194277417,2927.0,2366.0,561.0,1.2451762100005537,1.4740746696342626,ASC
3205,E01003276,-0.8148389563060959,1.0132584459353715,2126.0,1518.0,608.0,1.349495785526447,1.8280974022414676,ASC
3210,E01003281,-0.6943743467544936,1.0757723710417928,1915.0,1462.0,453.0,1.0054631428346716,1.7701467177962864,ASC
3219,E01003291,-1.7172098061831982,-0.3484490026177537,4303.0,3495.0,808.0,1.7934088728706727,1.3687608035654444,ASC
3230,E01003303,-1.7540069526089297,-0.38138822651050935,4372.0,3570.0,802.0,1.780091480250346,1.3726187260984204,ASC
3233,E01003307,-1.1005244894800632,0.4124364576486482,2719.0,2189.0,530.0,1.176369681462199,1.5129609471287115,ASC
3235,E01003309,-1.4116417572248183,0.034847985099957755,3532.0,2777.0,755.0,1.6757719047244528,1.4464897423247758,ASC
3239,E01003313,-1.456030555428638,-0.1285832217217308,3642.0,3092.0,550.0,1.2207609901966212,1.3274473337069073,ASC
3241,E01003315,-0.9936241169182018,0.6780988770512691,2469.0,1868.0,601.0,1.3339588274693992,1.6717229939694709,ASC
3251,E01003325,-1.3914091372701494,-0.0784013618208842,3475.0,2998.0,477.0,1.0587327133159787,1.3130077754492648,ASC
3252,E01003326,-1.3687388573647452,0.00023835060065249825,3413.0,2835.0,578.0,1.2829088224248129,1.3689772079653977,ASC
3257,E01003331,-1.2904506524633317,0.10564580604281604,3197.0,2663.0,534.0,1.1852479432090832,1.3960964585061475,ASC
3258,E01003332,-1.258010956103306,0.3057306949919085,3109.0,2351.0,758.0,1.6824306010346162,1.5637416510952145,ASC
3261,E01003335,-1.3091281933841583,0.2730892418669529,3261.0,2412.0,849.0,1.884411055776239,1.5822174352511111,ASC
3262,E01003336,-1.7241754554715432,-0.2204434606456238,4316.0,3235.0,1081.0,2.399350237095541,1.5037319948259191,ASC
3269,E01003343,-0.9708276560613044,1.38948160208799,2413.0,1196.0,1217.0,2.7012111364896145,2.3603092581492944,ASC
3271,E01003345,-1.0981028262329833,0.6484484712053319,2714.0,1892.0,822.0,1.8244827889847688,1.7465512974383148,ASC
3278,E01003352,-1.627913302452993,-0.34772663124999004,4081.0,3490.0,591.0,1.3117631731021877,1.280186671203003,ASC
3287,E01003361,-0.9702175011277956,0.8665779174947725,2412.0,1664.0,748.0,1.6602349466674051,1.836795418622568,ASC
3290,E01003364,-0.8553610783230978,0.8358076321524213,2200.0,1702.0,498.0,1.1053435874871225,1.691168710475519,ASC
3386,E01003460,1.6523308499953997,11.039243287180533,126.0,8.0,118.0,0.2619087215330933,9.386912437185133,ASC
3389,E01003463,2.297406364259336,6.633429353394418,53.0,50.0,3.0,0.006658696310163389,4.336022989135082,ASC
3390,E01003464,2.034796297962383,7.0713618058202385,83.0,36.0,47.0,0.10431957552589308,5.036565507857856,ASC
3391,E01003465,4.6125331354045285,10.821579971845882,7.0,9.0,-2.0,-0.004439130873442259,6.2090468364413525,ASC
3399,E01003473,0.669653008538972,3.5265494809913056,526.0,293.0,233.0,0.5171587467560231,2.8568964724523336,ASC
3400,E01003474,2.602326402914311,6.5335750282864415,33.0,54.0,-21.0,-0.04661087417114372,3.9312486253721306,ASC
3402,E01003476,0.647216148394239,4.0911293867383565,535.0,195.0,340.0,0.7546522484851841,3.4439132383441167,ASC
3420,E01003494,-1.6081632842096047,-0.3398830257634069,4027.0,3477.0,550.0,1.2207609901966212,1.268280258446198,ASC
3429,E01003503,-2.101956722873218,-0.1615791862727674,4813.0,3134.0,1679.0,3.7266503682547767,1.9403775366004508,ASC
3434,E01003511,-1.9651024422360108,-0.5073216890263641,4704.0,3821.0,883.0,1.9598762806247572,1.4577807532096467,ASC
3443,E01003520,-1.731155471099706,-0.33913347311640396,4330.0,3474.0,856.0,1.8999480138332867,1.392021997983302,ASC
3444,E01003521,-1.6613875548210393,-0.21129209467403665,4181.0,3217.0,964.0,2.139661080999169,1.4500954601470026,ASC
3445,E01003522,-1.6810819954134402,-0.4572835237233826,4210.0,3728.0,482.0,1.0698305404995845,1.2237984716900576,ASC
3447,E01003524,-1.8571452011610503,-0.5491785783062899,4563.0,3913.0,650.0,1.442717533868734,1.3079666228547604,ASC
3448,E01003525,-1.6127863649744338,-0.35672221087761524,4035.0,3521.0,514.0,1.140856634474661,1.2560641540968187,ASC
3450,E01003527,-1.5139020526366689,-0.2309343234546983,3802.0,3249.0,553.0,1.2274196865067846,1.2829677291819706,ASC
3452,E01003529,-1.5732180353903995,-0.3017294960146443,3954.0,3398.0,556.0,1.234078382816948,1.2714885393757551,ASC
3453,E01003530,-1.5349606719017508,-0.16974355265536265,3853.0,3149.0,704.0,1.5625740674516753,1.3652171192463882,ASC
3454,E01003531,-1.650425431831362,-0.25479668814705125,4146.0,3293.0,853.0,1.893289317523124,1.395628743684311,ASC
3456,E01003533,-1.711395392013962,-0.4625889891512621,4287.0,3736.0,551.0,1.2229805556333424,1.2488064028627,ASC
3457,E01003534,-1.770846935186324,-0.41040038284863456,4408.0,3637.0,771.0,1.7112849517119908,1.3604465523376894,ASC
3469,E01003546,-1.6523432844697084,-0.4125393705105925,4152.0,3644.0,508.0,1.1275392418543335,1.239803913959116,ASC
3472,E01003549,-1.6642921004857605,-0.4525048263027399,4187.0,3719.0,468.0,1.0387566243854889,1.2117872741830205,ASC
3473,E01003550,-1.5898423158359052,-0.05812636700321184,3988.0,2954.0,1034.0,2.295030661569648,1.5317159488326937,ASC
3475,E01003552,-1.452150423077282,0.12430912883517635,3630.0,2622.0,1008.0,2.237321960214899,1.5764595519124582,ASC
3478,E01003555,-0.9731199020942348,0.9850810910393664,2419.0,1550.0,869.0,1.9288023645106616,1.9582009931336013,ASC
3480,E01003557,-1.4406570057524255,-0.17296509109255934,3607.0,3156.0,451.0,1.0010240119612297,1.2676919146598662,ASC
3482,E01003559,-1.2506331154814383,0.2868269726421241,3096.0,2389.0,707.0,1.5692327637618386,1.5374600881235625,ASC
3484,E01003561,-1.8125091949401528,-0.3330026244740235,4488.0,3458.0,1030.0,2.2861523998227637,1.4795065704661292,ASC
3485,E01003562,-1.8816111014597507,-0.5226295062578928,4603.0,3857.0,746.0,1.6557958157939627,1.358981595201858,ASC
3487,E01003564,-1.8221710117348693,-0.4506020638604283,4506.0,3716.0,790.0,1.7534566950096924,1.3715689478744408,ASC
3488,E01003565,-1.710489652053769,-0.4796181889961169,4284.0,3765.0,519.0,1.1519544616582662,1.230871463057652,ASC
3490,E01003567,-1.7622001010737915,-0.4228980913227844,4390.0,3663.0,727.0,1.6136240724962612,1.339302009751007,ASC
3492,E01003569,-1.6711488515846753,-0.1936678856561621,4197.0,3193.0,1004.0,2.2284436984680145,1.477480965928513,ASC
3493,E01003570,-1.9542209948066305,-0.6571524151410127,4693.0,4112.0,581.0,1.2895675187349762,1.2970685796656176,ASC
3495,E01003572,-1.91675318357798,-0.5438741095059786,4648.0,3901.0,747.0,1.6580153812306837,1.3728790740720012,ASC
3497,E01003574,-1.6887859083063312,-0.4776529875826199,4229.0,3764.0,465.0,1.0320979280753253,1.2111329207237114,ASC
3502,E01003579,-1.8862993801887369,-0.4987305530205266,4607.0,3801.0,806.0,1.7889697419972304,1.3875688271682105,ASC
3506,E01003583,-1.9160586035740963,-0.6256687266495279,4647.0,4058.0,589.0,1.307324042228745,1.2903898769245683,ASC
3507,E01003584,-1.36008680417012,0.07540371939660022,3392.0,2709.0,683.0,1.5159631932805315,1.43549052356672,ASC
3509,E01003586,-1.6573700041525186,-0.4122136757232896,4164.0,3643.0,521.0,1.1563935925317086,1.2451563284292289,ASC
3511,E01003588,-1.7836096600301308,-0.5746022652942939,4434.0,3958.0,476.0,1.0565131478792578,1.2090073947358368,ASC
3513,E01003590,-1.6821364175658775,-0.3193100825409487,4214.0,3431.0,783.0,1.7379197369526445,1.3628263350249288,ASC
3514,E01003591,-1.9088877917423817,-0.4479928735069469,4639.0,3712.0,927.0,2.057537159840487,1.4608949182354347,ASC
3517,E01003594,-1.7730822795139451,-0.4531525535077162,4413.0,3720.0,693.0,1.5381588476477428,1.319929726006229,ASC
3519,E01003596,-1.7060807896382164,-0.030977256640958857,4273.0,2898.0,1375.0,3.0519024754915534,1.6751035329972574,ASC
3523,E01003600,-1.9335667935853973,-0.5974804584536252,4668.0,4005.0,663.0,1.4715718845461092,1.3360863351317724,ASC
3532,E01003609,-1.3759154877450033,0.1811216149790245,3428.0,2543.0,885.0,1.9643154114982,1.5570371027240275,ASC
3536,E01003617,-1.7057872665362757,0.0022356346087080148,4271.0,2833.0,1438.0,3.1917350980049837,1.708022901144984,ASC
3544,E01003626,-1.6278056439428088,-0.17337404031163411,4080.0,3158.0,922.0,2.046439332656881,1.4544316036311746,ASC
3545,E01003627,-1.6244439338114112,-0.2417750254331461,4068.0,3263.0,805.0,1.7867501765605094,1.3826689083782648,ASC
3546,E01003628,-1.5403071723305928,-0.2185820564287728,3867.0,3231.0,636.0,1.4116436177546383,1.32172511590182,ASC
3553,E01003635,-1.3913040609863139,-0.06788951165732238,3473.0,2973.0,500.0,1.1097827183605649,1.3234145493289915,ASC
3562,E01003644,-1.0583500204131708,0.4831965394008667,2619.0,2095.0,524.0,1.1630522888418722,1.5415465598140377,ASC
3563,E01003645,-1.1741003979857627,0.29954685110526397,2918.0,2364.0,554.0,1.2296392519435058,1.4736472490910266,ASC
3564,E01003646,-1.1723669112752428,0.5953971742382397,2916.0,1956.0,960.0,2.130782819252284,1.7677640855134826,ASC
3565,E01003647,-0.9979805203322798,0.7734851894177249,2477.0,1762.0,715.0,1.5869892872556075,1.7714657097500046,ASC
3568,E01003650,-1.3631877710598073,0.18541253305518834,3399.0,2533.0,866.0,1.9221436682004984,1.5486003041149956,ASC
3570,E01003652,-0.8981440198139892,0.7535690495982075,2277.0,1787.0,490.0,1.0875870639933536,1.6517130694121966,ASC
3571,E01003653,-1.1103301877501877,0.5017950494155825,2747.0,2072.0,675.0,1.4982066697867624,1.6121252371657702,ASC
3572,E01003654,-1.1293213404741806,0.31667847863858284,2806.0,2333.0,473.0,1.0498544515690942,1.4459998191127634,ASC
3574,E01003656,-1.4208776775562524,-0.1119177034370529,3555.0,3053.0,502.0,1.1142218492340072,1.3089599741191995,ASC
3576,E01003658,-1.2798123179149394,0.10606954329562407,3179.0,2661.0,518.0,1.1497348962215448,1.3858818612105634,ASC
3579,E01003661,-1.4741769750929397,-0.12256438513033825,3687.0,3079.0,608.0,1.349495785526447,1.3516125899626017,ASC
3582,E01003664,-1.3679930008692678,0.002797670796111457,3408.0,2832.0,576.0,1.2784696915513707,1.3707906716653793,ASC
3583,E01003665,-1.4123742201030276,0.017645172805700604,3533.0,2806.0,727.0,1.6136240724962612,1.430019392908728,ASC
3586,E01003669,-0.4140095567592521,1.8719607030566816,1476.0,863.0,613.0,1.3605936127100524,2.285970259815934,ASC
3589,E01003672,-1.1651629105858747,0.5917636191353614,2903.0,1959.0,944.0,2.0952697722647464,1.7569265297212362,ASC
3592,E01003675,-0.9579145752638444,1.0661318582236812,2398.0,1473.0,925.0,2.053098028967045,2.0240464334875257,ASC
3593,E01003676,-0.7591600912542792,1.038228447283172,2023.0,1493.0,530.0,1.176369681462199,1.7973885385374513,ASC
3595,E01003678,-0.8007913708644947,1.096143133039595,2092.0,1441.0,651.0,1.444937099305455,1.8969345039040897,ASC
3598,E01003681,-1.1360214983455073,0.32084658676485744,2826.0,2325.0,501.0,1.1120022837972858,1.4568680851103646,ASC
3604,E01003688,-1.4252820336683465,0.2320531263643553,3566.0,2460.0,1106.0,2.4548393730135687,1.6573351600327018,ASC
3605,E01003689,-1.607354427196172,-0.3778557656833851,4023.0,3562.0,461.0,1.0232196663284407,1.2294986615127868,ASC
3613,E01003697,-0.8651857666653253,0.8059282428013417,2221.0,1731.0,490.0,1.0875870639933536,1.6711140094666668,ASC
3618,E01003702,-1.5474713336309578,-0.27257710047316663,3889.0,3324.0,565.0,1.2540544717474382,1.274894233157791,ASC
3619,E01003703,-0.6399384604394323,1.4063885703291583,1827.0,1182.0,645.0,1.4316197066851286,2.0463270307685906,ASC
3622,E01003706,-1.5027402137346195,-0.16325582844530645,3770.0,3136.0,634.0,1.407204486881196,1.339484385289313,ASC
3624,E01003708,-1.7120524120087668,-0.5117520035306863,4291.0,3829.0,462.0,1.025439231765162,1.2003004084780806,ASC
3627,E01003711,-1.2168701750035715,0.2019060362528798,3021.0,2505.0,516.0,1.1452957653481028,1.4187762112564513,ASC
3632,E01003716,-1.2789328307746235,0.2886421630801812,3177.0,2381.0,796.0,1.766774087630019,1.5675749938548047,ASC
3634,E01003719,-1.1502310632459525,0.39744358576896266,2865.0,2214.0,651.0,1.444937099305455,1.5476746490149151,ASC
3636,E01003721,-1.537076866247203,-0.19688847144679766,3859.0,3194.0,665.0,1.4760110154195512,1.3401883948004052,ASC
3638,E01003723,-1.9591754483150032,-0.7174131843632748,4698.0,4224.0,474.0,1.0520740170058154,1.2417622639517285,ASC
3639,E01003724,-1.3603093668647028,0.03616622178937708,3393.0,2776.0,617.0,1.369471874456937,1.3964755886540798,ASC
3643,E01003728,-1.5458354984584235,-0.25286059370839353,3886.0,3289.0,597.0,1.3250805657225144,1.29297490475003,ASC
3649,E01003734,-1.6096076010739826,-0.2730217061845307,4031.0,3325.0,706.0,1.5670131983251174,1.3365858948894518,ASC
3654,E01003739,-1.2934968611952211,0.1809065880188263,3209.0,2546.0,663.0,1.4715718845461092,1.4744034492140474,ASC
3655,E01003740,-1.1021759126734838,0.5203509838101883,2722.0,2043.0,679.0,1.507084931533647,1.6225268964836719,ASC
3659,E01003744,-0.4572952281590682,1.6052219118250206,1550.0,1042.0,508.0,1.1275392418543335,2.062517139984089,ASC
3662,E01003747,0.8531408252991602,3.977546680349305,419.0,203.0,216.0,0.479426134331764,3.124405855050145,ASC
3668,E01003753,-1.3925721092826662,-0.031014249000026382,3481.0,2899.0,582.0,1.2917870841716974,1.3615578602826397,ASC
3678,E01003763,-1.0731677777539028,0.4772180233534089,2652.0,2104.0,548.0,1.216321859323179,1.5503858011073115,ASC
3683,E01003768,-1.5411836302966007,0.009623872474722735,3870.0,2820.0,1050.0,2.3305437085571863,1.5508075027713235,ASC
3684,E01003769,-1.5940798377850405,-0.3082272405303207,3997.0,3409.0,588.0,1.305104476792024,1.2858525972547197,ASC
3688,E01003773,-1.323868238095072,0.18244548026357005,3304.0,2540.0,764.0,1.6957479936549429,1.506313718358642,ASC
3694,E01003779,-0.5576494820633782,1.535261847944234,1698.0,1091.0,607.0,1.3472762200897257,2.0929113300076123,ASC
3697,E01003782,-1.6497027935311093,-0.2647905757846628,4141.0,3313.0,828.0,1.8378001816050955,1.3849122177464466,ASC
3704,E01003789,-0.3791658414170076,2.2373516655127617,1432.0,674.0,758.0,1.6824306010346162,2.6165175069297693,ASC
3706,E01003791,-0.3815019153562257,1.8692082717058944,1437.0,866.0,571.0,1.267371864367765,2.2507101870621202,ASC
3710,E01003795,-0.0006028022221733488,2.6188099425234777,1024.0,526.0,498.0,1.1053435874871225,2.619412744745651,ASC
3712,E01003797,3.3096533225905933,8.019381731072839,11.0,24.0,-13.0,-0.02885435067737468,4.7097284084822455,ASC
3713,E01003798,1.0674696758269326,3.786505170497372,333.0,233.0,100.0,0.22195654367211293,2.71903549467044,ASC
3714,E01003799,2.999519384560984,6.806274350270401,17.0,39.0,-22.0,-0.04883043960786485,3.8067549657094175,ASC
3719,E01003804,0.5613698938711182,3.7628527569965566,591.0,238.0,353.0,0.7835065991625587,3.201482863125438,ASC
3720,E01003805,2.5898691019125266,5.472575042315174,35.0,91.0,-56.0,-0.12429566445638325,2.882705940402648,ASC
3721,E01003806,2.7914781226332144,6.471250445428977,23.0,58.0,-35.0,-0.07768479028523953,3.6797723227957615,ASC
3724,E01003809,1.959267070269883,4.975283124717801,93.0,112.0,-19.0,-0.042171743297701465,3.0160160544479178,ASC
3731,E01003816,1.1506667417290821,4.346847615243173,281.0,158.0,123.0,0.2730065487166989,3.1961808735140917,ASC
3741,E01003826,-1.0017168103494092,0.5893094554551098,2489.0,1961.0,528.0,1.1719305505887565,1.5910262658045191,ASC
3758,E01003843,-1.3454548530773178,0.1181616277833501,3355.0,2632.0,723.0,1.6047458107493766,1.4636164808606682,ASC
3767,E01003853,2.1879856090352865,5.005215826975523,66.0,110.0,-44.0,-0.0976608792157297,2.817230217940237,ASC
3785,E01003871,0.8845281994473684,3.926766272126372,402.0,210.0,192.0,0.4261565638504569,3.0422380726790035,ASC
3789,E01003875,0.7732924296466385,6.225629855727313,463.0,66.0,397.0,0.8811674783782885,5.452337426080674,ASC
3841,E01003927,-0.5310142925886796,1.4395999414826388,1650.0,1161.0,489.0,1.0853674985566324,1.9706142340713184,ASC
3846,E01003934,0.2984373542478558,3.8815052390549702,773.0,218.0,555.0,1.231858817380227,3.583067884807114,ASC
3850,E01003938,-1.1314869389410265,0.4514509093917238,2816.0,2137.0,679.0,1.507084931533647,1.5829378483327503,ASC
3853,E01003941,-0.9591444926958552,1.904236272495225,2399.0,845.0,1554.0,3.4492046886646355,2.8633807651910805,ASC
3863,E01003952,-0.1640139853773483,2.306100236109517,1177.0,640.0,537.0,1.1919066395192466,2.470114221486865,ASC
3864,E01003953,-0.16900569373305271,2.256696430176186,1182.0,666.0,516.0,1.1452957653481028,2.4257021239092387,ASC
3865,E01003954,-0.2167845650963542,2.286850025495877,1242.0,646.0,596.0,1.3228610002857932,2.503634590592231,ASC
3867,E01003956,-0.16840066491170705,2.1971295775862285,1181.0,692.0,489.0,1.0853674985566324,2.365530242497936,ASC
3868,E01003957,-0.5281667819672551,1.506097997164577,1644.0,1115.0,529.0,1.1741501160254777,2.034264779131832,ASC
3873,E01003964,-1.0311481856179534,1.0674913247970297,2561.0,1469.0,1092.0,2.4237654568994733,2.098639510414983,ASC
3877,E01003969,-1.2588989965580066,0.189100064112464,3113.0,2525.0,588.0,1.305104476792024,1.447999060670471,ASC
3878,E01003970,-1.6428377707442086,-0.3336403116966953,4121.0,3459.0,662.0,1.4693523191093878,1.3091974590475133,ASC
3883,E01003975,-1.525426994238095,0.2177756498465847,3827.0,2482.0,1345.0,2.9853155123899198,1.7432026440846795,ASC
3884,E01003976,-0.7316674808334428,1.507210769948066,1974.0,1113.0,861.0,1.9110458410168925,2.2388782507815086,ASC
3886,E01003978,-0.6974392939981475,1.0958210259764647,1923.0,1443.0,480.0,1.065391409626142,1.7932603199746122,ASC
3889,E01003981,-0.7495307807724477,1.2011330162988767,2000.0,1347.0,653.0,1.4493762301788975,1.9506637970713243,ASC
3891,E01003984,-1.4989848354471027,-0.2143280471935799,3756.0,3222.0,534.0,1.1852479432090832,1.284656788253523,ASC
3897,E01003991,-1.6500318687589342,-0.3796698982402804,4143.0,3568.0,575.0,1.2762501261146495,1.2703619705186535,ASC
3903,E01003998,-0.3887108090055956,1.6973602055904955,1445.0,988.0,457.0,1.0143414045815562,2.086071014596091,ASC
3905,E01004000,-1.4202194082232649,0.15307358951141284,3554.0,2583.0,971.0,2.155198039056217,1.5732929977346781,ASC
3907,E01004002,-0.5302048309734707,1.4098769940658633,1649.0,1180.0,469.0,1.04097618982221,1.940081825039334,ASC
3910,E01004005,-1.7893774264012636,-0.34833372416004754,4442.0,3494.0,948.0,2.1041480340116308,1.441043702241216,ASC
3911,E01004006,-1.3185509096400496,0.2544919821963772,3286.0,2439.0,847.0,1.8799719249027969,1.5730428918364268,ASC
3916,E01004012,-1.7700680966592426,-0.2837566999914636,4406.0,3358.0,1048.0,2.3261045776837443,1.486311396667779,ASC
3926,E01004022,-1.1613142263865075,0.7189704780768778,2891.0,1831.0,1060.0,2.3527393629243973,1.8802847044633848,ASC
3927,E01004023,-1.1606662787871895,0.4186647682359119,2888.0,2182.0,706.0,1.5670131983251174,1.5793310470231017,ASC
3930,E01004028,-1.4695243183253166,0.08728487219242093,3675.0,2695.0,980.0,2.1751741279867067,1.5568091905177377,ASC
3935,E01004033,-1.1486621969170745,0.31724744097858915,2858.0,2331.0,527.0,1.1697109851520353,1.4659096378956638,ASC
3945,E01004043,-1.4193360650932745,0.9053751324613076,3551.0,1621.0,1930.0,4.283761292871779,2.324711197554582,ASC
3946,E01004044,-1.4950933629485428,-0.03845424590239828,3743.0,2916.0,827.0,1.835580616168374,1.4566391170461446,ASC
3948,E01004046,-0.4585223527224827,1.5565104530494958,1552.0,1070.0,482.0,1.0698305404995845,2.015032805771978,ASC
3957,E01004055,-1.1559707624448747,0.4836796633345345,2876.0,2094.0,782.0,1.7357001715159233,1.6396504257794091,ASC
3963,E01004061,-0.4950164062564503,1.4911754368100711,1594.0,1124.0,470.0,1.0431957552589308,1.9861918430665213,ASC
3964,E01004062,-1.1218217691471657,0.4384009242761229,2773.0,2153.0,620.0,1.3761305707671003,1.5602226934232886,ASC
3965,E01004063,-0.776942601065379,1.1358515822355082,2059.0,1409.0,650.0,1.442717533868734,1.9127941833008872,ASC
3967,E01004065,-0.6438529892973512,1.6949250724717881,1837.0,990.0,847.0,1.8799719249027969,2.338778061769139,ASC
3970,E01004068,-1.7303115998263423,0.18442625123098136,4329.0,2536.0,1793.0,3.9796808280409848,1.914737851057324,ASC
3971,E01004069,2.2338856080770766,7.1075676988926135,58.0,34.0,24.0,0.053269570481307114,4.873682090815537,ASC
3974,E01004072,0.8728742068910482,4.324344055483434,409.0,160.0,249.0,0.5526717937435612,3.4514698485923856,ASC
3975,E01004073,0.9605978016286284,4.551599216115462,374.0,138.0,236.0,0.5238174430661866,3.5910014144868336,ASC
3977,E01004075,2.2266719790039984,6.35617152333558,59.0,61.0,-2.0,-0.004439130873442259,4.1294995443315825,ASC
3988,E01004086,-1.34718013794655,0.33132369184202703,3361.0,2312.0,1049.0,2.328324143120465,1.678503829788577,ASC
4065,E01004164,-1.5151294380497802,-0.07103064903491685,3808.0,2979.0,829.0,1.8400197470418165,1.444098789014863,ASC
4068,E01004167,-1.642282346614365,-0.3860718108668144,4119.0,3584.0,535.0,1.1874675086458044,1.2562105357475506,ASC
4075,E01004174,-1.0979764798644491,0.3863629959076411,2713.0,2239.0,474.0,1.0520740170058154,1.4843394757720902,ASC
4092,E01004191,-1.276910682020354,0.18280132956913464,3172.0,2539.0,633.0,1.404984921444475,1.4597120115894886,ASC
4093,E01004192,-1.1070136050092731,0.3943865680984093,2739.0,2221.0,518.0,1.1497348962215448,1.5014001731076825,ASC
4094,E01004193,-1.0965149807589232,0.4798305044732399,2711.0,2101.0,610.0,1.3539349163998893,1.576345485232163,ASC
4099,E01004198,-1.5844184711223073,-0.0148413140181379,3975.0,2863.0,1112.0,2.4681567656338963,1.5695771571041697,ASC
4103,E01004202,-1.0074605657125162,0.7526807111627193,2500.0,1789.0,711.0,1.5781110255087232,1.7601412768752356,ASC
4104,E01004203,-1.1245287541292084,0.564807852039249,2788.0,1983.0,805.0,1.7867501765605094,1.6893366061684574,ASC
4110,E01004209,-1.9698848903147843,-0.6573085691175965,4711.0,4114.0,597.0,1.3250805657225144,1.3125763211971881,ASC
4120,E01004222,-1.6070210801592617,-0.017643102012612318,4022.0,2866.0,1156.0,2.5658176448496257,1.5893779781466495,ASC
4122,E01004224,-1.6483065750144932,-0.02626219246685724,4136.0,2889.0,1247.0,2.767798099591249,1.6220443825476358,ASC
4135,E01004238,-1.9234203032638004,-0.09072678709033198,4655.0,3018.0,1637.0,3.633428619912489,1.8326935161734683,ASC
4139,E01004242,-1.7483066149114994,-0.24791100298276025,4357.0,3276.0,1081.0,2.399350237095541,1.5003956119287392,ASC
4141,E01004244,-1.8101867723143958,-0.4667795263341295,4485.0,3746.0,739.0,1.6402588577369148,1.3434072459802666,ASC
4148,E01004251,-1.7572137918205069,-0.3420832903574398,4378.0,3480.0,898.0,1.9931697621755744,1.4151305014630668,ASC
4149,E01004252,-1.614278006718471,0.04272612958913048,4043.0,2762.0,1281.0,2.843263324439767,1.6570041363076016,ASC
4152,E01004255,-1.2715595433358635,0.21758674200191827,3150.0,2484.0,666.0,1.4782305808562723,1.4891462853377817,ASC
4157,E01004260,-1.6539279897095225,0.09405773549628096,4157.0,2683.0,1474.0,3.271639453726945,1.7479857252058035,ASC
4164,E01004268,-1.9898801210696195,-0.6317087876138779,4724.0,4064.0,660.0,1.4649131882359456,1.3581713334557417,ASC
4169,E01004273,-1.893366163534644,-0.2777925518548553,4619.0,3337.0,1282.0,2.8454828898764886,1.6155736116797883,ASC
4177,E01004284,-1.3493346057286704,0.12078643570268645,3365.0,2625.0,740.0,1.6424784231736358,1.4701210414313568,ASC
4182,E01004289,-1.224182047242107,0.19024840274189256,3040.0,2522.0,518.0,1.1497348962215448,1.4144304499839997,ASC
4188,E01004295,-1.5622460400419371,-0.07252289603616957,3922.0,2983.0,939.0,2.0841719450811405,1.4897231440057674,ASC
4193,E01004301,-1.4672345759277738,0.9153554603061818,3668.0,1611.0,2057.0,4.565646103335364,2.382590036233956,ASC
4194,E01004302,-1.9257146927071247,-0.3529357361242073,4656.0,3511.0,1145.0,2.541402425045693,1.572778956582917,ASC
4196,E01004304,-1.4911226579847172,-0.046688555028556115,3737.0,2933.0,804.0,1.7845306111237882,1.4444341029561611,ASC
4197,E01004305,-1.6958137972839349,-0.4160067589646141,4248.0,3651.0,597.0,1.3250805657225144,1.2798070383193207,ASC
4198,E01004306,-0.8808618905544305,1.2050661517579888,2250.0,1343.0,907.0,2.0131458511060645,2.08592804231242,ASC
4201,E01004309,-1.4242865004316798,0.16558057702630624,3564.0,2565.0,999.0,2.2173458712844085,1.5898670774579862,ASC
4202,E01004310,-1.2169200222375078,0.3772423940761028,3022.0,2248.0,774.0,1.7179436480221544,1.5941624163136106,ASC
4203,E01004311,-1.4760119940216452,-0.07849373461105971,3692.0,2999.0,693.0,1.5381588476477428,1.3975182594105855,ASC
4204,E01004312,-1.8956550266187275,-0.3944789837724133,4624.0,3602.0,1022.0,2.268395876328994,1.501176042846314,ASC
4205,E01004313,-1.5455617299842008,0.30056743199254354,3885.0,2361.0,1524.0,3.382617725563001,1.8461291619767444,ASC
4206,E01004314,0.07318871594307114,2.898241495924976,949.0,435.0,514.0,1.140856634474661,2.8250527799819047,ASC
4207,E01004315,-1.1874671332019109,0.9027332229720134,2952.0,1627.0,1325.0,2.940924203655497,2.0902003561739244,ASC
4208,E01004316,-1.6342540283253828,0.6234614396750364,4097.0,1922.0,2175.0,4.827554824868457,2.257715468000419,ASC
4210,E01004318,-1.5811276524772586,-0.08104063975467786,3967.0,3004.0,963.0,2.137441515562448,1.5000870127225807,ASC
4211,E01004319,-1.7444496169695378,-0.27716106406150515,4346.0,3336.0,1010.0,2.2417610910883408,1.4672885529080326,ASC
4248,E01004357,-1.1476519420563929,0.38684277169517056,2854.0,2238.0,616.0,1.3672523090202158,1.5344947137515634,ASC
4267,E01004376,-1.3672179233285338,-0.01111969760717922,3407.0,2855.0,552.0,1.2252001210700636,1.3560982257213543,ASC
4271,E01004380,-1.3216903426130258,0.4742734886854734,3298.0,2109.0,1189.0,2.6390633042614233,1.7959638312984991,ASC
4296,E01004405,-1.342036914396625,0.16996598119482104,3347.0,2558.0,789.0,1.7512371295729712,1.5120028955914462,ASC
4314,E01004423,-1.7342063194028057,-0.4877621431403415,4333.0,3782.0,551.0,1.2229805556333424,1.246444176262464,ASC
4354,E01004465,-1.0516228667429506,0.5351856002009614,2603.0,2015.0,588.0,1.305104476792024,1.586808466943912,ASC
4355,E01004466,-0.7421376906416488,1.1086339231569151,1990.0,1430.0,560.0,1.2429566445638325,1.8507716137985641,ASC
4361,E01004472,1.092691041083247,3.913030150063743,316.0,212.0,104.0,0.2308348054189975,2.8203391089804954,ASC
4366,E01004477,2.660717263911518,5.827531741899798,28.0,77.0,-49.0,-0.10875870639933537,3.16681447798828,ASC
4367,E01004478,2.1622380396521903,5.71718808152791,71.0,81.0,-10.0,-0.02219565436721129,3.55495004187572,ASC
4368,E01004479,1.3275830345487745,4.3687149565428545,216.0,155.0,61.0,0.1353934916399889,3.041131921994081,ASC
4371,E01004482,-0.15510162033750666,2.4078640180422743,1166.0,603.0,563.0,1.2496153408739958,2.5629656383797808,ASC
4427,E01004538,-1.1460841361759335,0.5647965869607632,2851.0,1984.0,867.0,1.9243632336372196,1.7108807231366967,ASC
4433,E01004544,1.0142901023932744,4.664120146367386,355.0,126.0,229.0,0.5082804850091387,3.6498300439741116,ASC
4444,E01004555,2.0135305858643493,5.6464839713583705,84.0,84.0,0.0,0.0,3.632953385494021,ASC
4445,E01004556,2.00967974394613,5.588173150529313,86.0,87.0,-1.0,-0.0022195654367211295,3.5784934065831826,ASC
4448,E01004559,1.7549778251893182,5.976038840253893,109.0,74.0,35.0,0.07768479028523953,4.221061015064575,ASC
4455,E01004567,-1.6460555772358707,-0.3511472765681467,4130.0,3505.0,625.0,1.3872283979507063,1.2949083006677242,ASC
4465,E01004577,0.3212187750873968,3.512893230674206,758.0,296.0,462.0,1.025439231765162,3.191674455586808,ASC
4466,E01004579,0.4868915848619533,3.3680625684602075,642.0,319.0,323.0,0.7169196360609249,2.8811709835982544,ASC
4469,E01004582,0.2983161713991404,3.8676240804959297,774.0,219.0,555.0,1.231858817380227,3.5693079090967887,ASC
4484,E01004597,0.3857047347109265,3.2472228660085096,712.0,347.0,365.0,0.8101413844032123,2.8615181312975837,ASC
4490,E01004604,2.7105831867362653,6.630857814600258,26.0,51.0,-25.0,-0.05548913591802824,3.920274627863993,ASC
4511,E01004625,2.659489195137938,6.779891906898173,29.0,41.0,-12.0,-0.026634785240653557,4.120402711760235,ASC
4513,E01004627,1.0530281657336629,4.285084193557247,338.0,165.0,173.0,0.3839848205527554,3.2320560278235844,ASC
4514,E01004628,-1.2013140566295402,0.9930610248634374,2985.0,1539.0,1446.0,3.209491621498753,2.1943750814929777,ASC
4515,E01004629,0.2715675007577394,3.303667467442632,790.0,333.0,457.0,1.0143414045815562,3.032099966684892,ASC
4528,E01004642,-0.8785683052489515,0.8400396267462141,2244.0,1696.0,548.0,1.216321859323179,1.7186079319951657,ASC
4530,E01004644,-0.5832354763734817,2.1598913553467285,1749.0,713.0,1036.0,2.2994697924430896,2.7431268317202098,ASC
4532,E01004646,1.4977177260827987,12.203450454577794,165.0,4.0,161.0,0.35735003531210185,10.705732728494995,ASC
4533,E01004647,0.3409812287057116,6.512895200458559,736.0,55.0,681.0,1.5115240624070891,6.171913971752847,ASC
4535,E01004649,1.3987403198986186,5.2391925528056245,191.0,102.0,89.0,0.19754132386818046,3.8404522329070057,ASC
4539,E01004653,1.1011657188250439,5.885254303079793,310.0,75.0,235.0,0.5215978776294654,4.784088584254749,ASC
4540,E01004654,1.1164163913797671,4.663103762420169,297.0,127.0,170.0,0.377326124242592,3.5466873710404023,ASC
4542,E01004657,1.4533740040848813,6.149313712481643,178.0,69.0,109.0,0.2419326326026031,4.695939708396762,ASC
4545,E01004660,1.3552838427141751,4.433750976311002,206.0,148.0,58.0,0.1287347953298255,3.0784671335968268,ASC
4546,E01004661,0.8256648856814427,3.8452726307318126,434.0,223.0,211.0,0.4683283071481583,3.01960774505037,ASC
4548,E01004663,0.9485548649144262,3.8878226873813215,382.0,217.0,165.0,0.3662282970589864,2.939267822466896,ASC
4561,E01004680,1.4849000507684504,4.3124767619228574,168.0,161.0,7.0,0.015536958057047906,2.8275767111544066,ASC
4564,E01004683,1.398570263336415,4.56634858397417,192.0,135.0,57.0,0.12651522989310438,3.1677783206377548,ASC
4567,E01004687,4.290053187529241,13.626405573149198,8.0,2.0,6.0,0.013317392620326777,9.336352385619957,ASC
4568,E01004688,1.0497260013145815,4.451937514282128,340.0,145.0,195.0,0.4328152601606203,3.4022115129675465,ASC
4569,E01004689,1.7711332854690691,9.116803642769039,107.0,15.0,92.0,0.20420002017834396,7.345670357299969,ASC
4570,E01004690,3.6171285567579057,8.954243620783588,9.0,16.0,-7.0,-0.015536958057047906,5.3371150640256815,ASC
4571,E01004691,2.372744696734076,7.528686764399238,48.0,30.0,18.0,0.039952177860980334,5.15594206766516,ASC
4572,E01004692,1.5257730510112038,8.452556267411591,154.0,18.0,136.0,0.3018608993940736,6.926783216400387,ASC
4573,E01004693,1.9565168971763416,4.964419841373012,94.0,113.0,-19.0,-0.042171743297701465,3.0079029441966703,ASC
4574,E01004694,1.1637024651821093,4.016866709785735,275.0,200.0,75.0,0.16646740775408472,2.8531642446036267,ASC
4578,E01004698,0.7964134496411915,3.5313786158246985,453.0,291.0,162.0,0.359569600748823,2.734965166183507,ASC
4581,E01004701,1.1706407131748409,3.909237902909639,270.0,213.0,57.0,0.12651522989310438,2.738597189734798,ASC
4583,E01004703,1.6121670959868892,5.13475812272223,136.0,108.0,28.0,0.062147832228191625,3.5225910267353413,ASC
4584,E01004705,1.5189279159854832,4.408076296750497,158.0,152.0,6.0,0.013317392620326777,2.8891483807650142,ASC
4586,E01004707,1.454139896558857,4.258351383635189,177.0,169.0,8.0,0.017756523493769036,2.804211487076332,ASC
4591,E01004712,1.1494220214624409,4.19730352074673,283.0,178.0,105.0,0.23305437085571865,3.0478814992842884,ASC
4592,E01004713,1.8193749524777167,6.704227987878829,103.0,45.0,58.0,0.1287347953298255,4.884853035401113,ASC
4593,E01004714,1.5731820703079251,4.917630691477133,146.0,116.0,30.0,0.06658696310163388,3.3444486211692084,ASC
4596,E01004717,1.0900423452207184,4.307641243839767,317.0,162.0,155.0,0.3440326426917751,3.2175988986190487,ASC
4597,E01004718,-1.0595398604115185,0.43437578450184494,2624.0,2162.0,462.0,1.025439231765162,1.4939156449133637,ASC
4599,E01004720,-0.9164858294217452,1.0099284128245885,2315.0,1521.0,794.0,1.762334956756577,1.9264142422463333,ASC
4606,E01004727,1.3380378988720405,4.080219287715302,211.0,197.0,14.0,0.031073916114095813,2.742181388843261,ASC
4610,E01004731,0.6462726267824759,4.253134594145945,536.0,171.0,365.0,0.8101413844032123,3.606861967363469,ASC
4612,E01004733,1.1584058790849356,3.9679860588570826,277.0,206.0,71.0,0.1575891460072002,2.809580179772147,ASC
4616,E01004737,1.3290194529903043,4.283256494990297,215.0,166.0,49.0,0.10875870639933537,2.9542370419999933,ASC
4622,E01004743,0.15415381544154366,3.1430591630090605,867.0,366.0,501.0,1.1120022837972858,2.9889053475675174,ASC
4623,E01004744,-0.24238066015992585,3.188689015892946,1269.0,356.0,913.0,2.0264632437263908,3.431069676052872,ASC
4627,E01004748,1.2542586492598609,4.347470826294511,239.0,157.0,82.0,0.18200436581113266,3.093212177034649,ASC
4638,E01004761,1.7446914206139732,6.638318718156718,112.0,49.0,63.0,0.13983262251343118,4.893627297542745,ASC
4639,E01004762,1.186360149484878,4.2101070344536815,265.0,176.0,89.0,0.19754132386818046,3.023746884968804,ASC
4642,E01032512,-1.5111790668633232,-0.10073110495397314,3798.0,3040.0,758.0,1.6824306010346162,1.4104479619093502,ASC
4650,E01032568,-1.4388558786670649,-0.06144128710732012,3603.0,2959.0,644.0,1.4294001412484074,1.3774145915597449,ASC
4662,E01032582,-0.9330257705646016,1.2997032320844717,2341.0,1259.0,1082.0,2.4015698025322623,2.2327290026490734,ASC
4668,E01032639,-1.2005921556928087,0.4946990047603572,2983.0,2080.0,903.0,2.00426758935918,1.695291160453166,ASC
4671,E01032719,-1.5327487423751252,0.5430799623175503,3847.0,2007.0,1840.0,4.084000403566878,2.0758287046926758,ASC
4672,E01032720,-1.660063742406286,-0.03876560451439647,4174.0,2917.0,1257.0,2.78999375395846,1.6212981378918896,ASC
4686,E01032770,-1.4692914992857211,2.2870320754450675,3673.0,645.0,3028.0,6.720844142391582,3.756323574730789,ASC
4687,E01032771,-0.8244041592080873,2.4491409624556333,2141.0,583.0,1558.0,3.45808295041152,3.2735451216637204,ASC
4688,E01032772,-1.3904022974734078,1.236734743504106,3470.0,1321.0,2149.0,4.769846123513707,2.627137040977514,ASC
4689,E01032773,-1.396796258556015,1.6779983819013171,3496.0,998.0,2498.0,5.544474460929382,3.0747946404573323,ASC
4690,E01032774,-1.226729154264525,1.5862918368872867,3046.0,1051.0,1995.0,4.428033046258653,2.813020991151812,ASC
4700,E01032784,-1.1340399027689705,0.6730706009030621,2821.0,1871.0,950.0,2.108587164885073,1.8071105036720327,ASC
4701,E01032785,-1.0864724973785411,1.9048011301188497,2683.0,843.0,1840.0,4.084000403566878,2.9912736274973906,ASC
4703,E01032787,-1.823494163527024,-0.4877780689895829,4508.0,3783.0,725.0,1.609184941622819,1.3357160945374411,ASC
4707,E01032803,0.2420838938174036,3.0265879828132194,806.0,398.0,408.0,0.9055826981822208,2.784504088995816,ASC
4711,E01033030,-1.672104933710854,0.6864099579437104,4200.0,1860.0,2340.0,5.193783121927443,2.3585148916545644,ASC
4716,E01033085,-1.1497786413571631,0.539098573332425,2861.0,2012.0,849.0,1.884411055776239,1.6888772146895883,ASC
4723,E01033132,-1.122933889706628,1.280860549349245,2780.0,1284.0,1496.0,3.3204698933348102,2.403794439055873,ASC
4732,E01033208,-0.13934038071734936,2.706198915312856,1148.0,494.0,654.0,1.4515957956156187,2.8455392960302053,ASC
4734,E01033322,-1.0090228641005459,0.6442328749205484,2505.0,1897.0,608.0,1.349495785526447,1.6532557390210945,ASC
4736,E01033325,-0.906282467559622,1.8989691409277791,2296.0,849.0,1447.0,3.2117111869354744,2.805251608487401,ASC
4747,E01033487,-0.8517977847715896,2.140540865957835,2192.0,718.0,1474.0,3.271639453726945,2.9923386507294243,ASC
4753,E01033493,-0.00943052436727812,3.01500314087574,1037.0,404.0,633.0,1.404984921444475,3.024433665243018,ASC
4761,E01033574,-1.504195193669799,2.370539550985525,3775.0,613.0,3162.0,7.018265910912214,3.8747347446553237,ASC
4762,E01033575,-1.4885229916142049,1.968209796771376,3731.0,805.0,2926.0,6.494448467846025,3.4567327883855805,ASC
4763,E01033576,-1.9101392150121204,0.6235310210159563,4641.0,1921.0,2720.0,6.037217987881472,2.5336702360280765,ASC
4765,E01033578,-1.5009242530253792,0.40765257883573947,3764.0,2195.0,1569.0,3.4824981702154525,1.9085768318611187,ASC
4766,E01033579,-1.5247942536279595,0.6945400349638189,3825.0,1853.0,1972.0,4.376983041214069,2.2193342885917784,ASC
4769,E01033582,-0.9967807458321912,0.8685169614425092,2476.0,1661.0,815.0,1.8089458309277209,1.8652977072747008,ASC
4770,E01033583,-1.5671738617810114,0.06201411117970816,3938.0,2731.0,1207.0,2.6790154821224035,1.6291879729607197,ASC
4772,E01033585,-1.8650376488646687,-0.5577741629095935,4571.0,3918.0,653.0,1.4493762301788975,1.3072634859550751,ASC
4773,E01033586,-1.7050799375380017,0.04058773075346747,4267.0,2768.0,1499.0,3.3271285896449734,1.7456676682914691,ASC
4776,E01033589,-1.5324477672214802,0.5306494265746575,3846.0,2023.0,1823.0,4.046267791142618,2.0630971937961378,ASC
4782,E01033595,0.6036380099615241,4.538193880678342,568.0,140.0,428.0,0.9499740069166436,3.934555870716818,ASC
4783,E01033596,0.02899852538215128,5.324637804963845,986.0,98.0,888.0,1.9709741078083631,5.295639279581693,ASC
4784,E01033597,-1.5777073803825616,2.575381228259753,3960.0,540.0,3420.0,7.590913793586262,4.153088608642315,ASC
4786,E01033599,-1.1224509828165554,2.1560595588319544,2778.0,716.0,2062.0,4.576743930518969,3.2785105416485094,ASC
4787,E01033600,1.0369399902462413,4.1384781305300375,343.0,188.0,155.0,0.3440326426917751,3.1015381402837963,ASC
4790,E01033603,-0.6649692535907803,1.3835820720553027,1880.0,1200.0,680.0,1.5093044969703682,2.048551325646083,ASC
4797,E01033699,-1.092168741555516,0.8819506989525283,2700.0,1643.0,1057.0,2.3460806666142338,1.974119440508044,ASC
4798,E01033700,-1.2471900272331031,1.1428286916940555,3084.0,1404.0,1680.0,3.728869933691498,2.3900187189271587,ASC
4802,E01033704,-0.7002486694202243,1.2712818353193391,1927.0,1291.0,636.0,1.4116436177546383,1.9715305047395637,ASC
4803,E01033705,-1.5053671753920088,-0.20620142129742824,3780.0,3211.0,569.0,1.2629327334943228,1.2991657540945805,ASC
4805,E01033707,-0.9458933558583642,0.7442197182399783,2372.0,1798.0,574.0,1.2740305606779283,1.6901130740983423,ASC
4814,E01033726,-1.7523730903405819,-0.544540288264758,4366.0,3903.0,463.0,1.027658797201883,1.2078328020758242,ASC
4818,E01033730,-0.6609240317996512,1.539995303478376,1869.0,1087.0,782.0,1.7357001715159233,2.2009193352780274,ASC
4819,E01033731,-1.6944575261380863,1.0475357259653952,4246.0,1485.0,2761.0,6.128220170787039,2.741993252103481,ASC
4820,E01033732,-0.5207870968523979,1.5651052841438562,1628.0,1063.0,565.0,1.2540544717474382,2.085892380996254,ASC
4821,E01033733,-0.18982143372455348,2.7513966014376123,1205.0,486.0,719.0,1.5958675490024918,2.9412180351621657,ASC
4822,E01033734,-1.0923615224445926,1.1565048365965374,2701.0,1396.0,1305.0,2.8965328949210742,2.2488663590411297,ASC
4823,E01033735,-1.9413020908848608,-0.3622558942324902,4673.0,3536.0,1137.0,2.5236459015519244,1.5790461966523706,ASC
4824,E01033736,-1.3717179718913002,1.5671093519405397,3418.0,1061.0,2357.0,5.231515734351702,2.9388273238318394,ASC
4830,E01033742,-1.655117834021142,0.3343925059597371,4158.0,2308.0,1850.0,4.10619605793409,1.9895103399808791,ASC
4834,E01033746,0.06365780423007687,2.6993374983172598,964.0,495.0,469.0,1.04097618982221,2.6356796940871825,ASC
